Third Party ID,First Name,Last Name,Category,RegistrationStatus,Barcode,Company,Country,Email,Job Title,Nr. of check-ins,organisationType,Company (Custom Field),Country (Custom Field),createdOnsite,First Name (Custom Field),Job Title (Custom Field),Last Name (Custom Field),nationality,State,tags,website,FielddriveID,Attended,Confirmed/No show
c0qpdxxsykqvo,Aisha,Lee,Enterprise Software,Attended,vx2n5zaneo9va,monday.com,IL,aisha.lee@monday.com,Engineering Manager,3,Enterprise Software,monday.com,IL,,Aisha,Engineering Manager,Lee,Israel,,,www.monday.com,7709252,0,0
v0i1itqpq4bw3,Sunita,Morris,Dev Tools & Platforms,Attended,v4s764623ahw9,Twilio,US,sunita.morris@twilio.com,VP of Developer Experience,4,Dev Tools & Platforms,Twilio,US,,Sunita,VP of Developer Experience,Morris,United States,,,www.twilio.com,7304987,0,0
urt1rwvngcfol,Miho,Dey,Cloud & Infrastructure,No show,vt34kff2jtjto,Cloudflare,US,miho.dey@cloudflare.com,DevOps Engineer,0,Cloud & Infrastructure,Cloudflare,US,,Miho,DevOps Engineer,Dey,United States,,,www.cloudflare.com,8627787,0,0
1zn5h5jmc9qh1,Pooja,Lopez,VC & Private Equity,Attended,vj5tac9pfhj1o,Andreessen Horowitz,US,pooja.lopez@a16z.com,Partner,3,VC & Private Equity,Andreessen Horowitz,US,,Pooja,Partner,Lopez,United States,,,www.a16z.com,8913116,0,0
6n7qlbw66v3jr,Emma,Romano,Cybersecurity,Attended,v1njkiksmv4qq,SentinelOne,US,emma.romano@sentinelone.com,Head of Information Security,3,Cybersecurity,SentinelOne,US,,Emma,Head of Information Security,Romano,United States,,,www.sentinelone.com,8892891,0,0
01811nae2dwbn,Mark,Wright,Cybersecurity,Attended,vulibtt9paf66,CrowdStrike,US,mark.wright@crowdstrike.com,Threat Intelligence Analyst,3,Cybersecurity,CrowdStrike,US,,Mark,Threat Intelligence Analyst,Wright,United States,,,www.crowdstrike.com,8702416,0,0
j5doh59g5hg5u,Ana,Hall,AI & Data,Attended,vghnbjn2e6xlj,Cohere,CA,ana.hall@cohere.com,VP of Data & Analytics,3,AI & Data,Cohere,CA,,Ana,VP of Data & Analytics,Hall,Canada,,,www.cohere.com,8634446,0,0
wj9s8u287m5c6,Frank,Ho,AI & Data,Attended,vreaguucqb39b,Cohere,CA,frank.ho@cohere.com,Principal ML Engineer,2,AI & Data,Cohere,CA,,Frank,Principal ML Engineer,Ho,Canada,,,www.cohere.com,7081428,0,0
npxw4nszp566z,Sophie,Asante,Enterprise Software,Attended,v230jnspsktrc,Adobe,US,sophie.asante@adobe.com,"Account Executive, Enterprise",3,Enterprise Software,Adobe,US,,Sophie,"Account Executive, Enterprise",Asante,United States,,,www.adobe.com,7698189,0,0
orpoklf43rsas,Matthew,Smith,Cloud & Infrastructure,Attended,vvi1x1vh3ji9p,Akamai Technologies,US,matthew.smith@akamai.com,Senior Site Reliability Engineer,2,Cloud & Infrastructure,Akamai Technologies,US,,Matthew,Senior Site Reliability Engineer,Smith,United States,,,www.akamai.com,7116427,0,0
53cuk52cg99l3,Klaus,Srivastava,AI & Data,Attended,v49dq1gt7dht8,Together AI,US,klaus.srivastava@together.ai,Research Scientist,3,AI & Data,Together AI,US,,Klaus,Research Scientist,Srivastava,United States,,,www.together.ai,8581322,0,0
mtm12lc9bgjq0,Brian,Stewart,Cloud & Infrastructure,Attended,vaqk711uzq6rf,Cloudflare,US,brian.stewart@cloudflare.com,Platform Engineer,3,Cloud & Infrastructure,Cloudflare,US,,Brian,Platform Engineer,Stewart,United States,,,www.cloudflare.com,8732519,0,0
kwjsv0zityfip,Pablo,Pedersen,Enterprise Software,Attended,vpr46qheqkmqp,Zendesk,US,pablo.pedersen@zendesk.com,Staff Software Engineer,2,Enterprise Software,Zendesk,US,,Pablo,Staff Software Engineer,Pedersen,United States,,,www.zendesk.com,7513114,0,0
nvlipmz6387ix,Yan,Dey,Cybersecurity,Attended,vhhkffn16db0i,SentinelOne,US,yan.dey@sentinelone.com,Senior Security Engineer,3,Cybersecurity,SentinelOne,US,,Yan,Senior Security Engineer,Dey,United States,,,www.sentinelone.com,7571489,0,0
4054g8qde12wu,Philippe,Phillips,Cloud & Infrastructure,Attended,vw60n330pgbop,Cloudflare,US,philippe.phillips@cloudflare.com,Senior Site Reliability Engineer,3,Cloud & Infrastructure,Cloudflare,US,,Philippe,Senior Site Reliability Engineer,Phillips,United States,,,www.cloudflare.com,8548608,0,0
4q46derg870sb,Min-Ji,Kumar,Cybersecurity,Attended,v9fyy9v3zsoza,Palo Alto Networks,US,minji.kumar@paloaltonetworks.com,Security Sales Engineer,2,Cybersecurity,Palo Alto Networks,US,,Min-Ji,Security Sales Engineer,Kumar,United States,,,www.paloaltonetworks.com,8706602,0,0
0tuey6emdf3jp,Andrea,Goh,AI & Data,Attended,vhnb5vngblcqz,Databricks,US,andrea.goh@databricks.com,Principal ML Engineer,3,AI & Data,Databricks,US,,Andrea,Principal ML Engineer,Goh,United States,,,www.databricks.com,7660455,0,0
wu1i7xxeq58wz,Eric,Lim,VC & Private Equity,Attended,vuaczrre5oz83,Lightspeed Venture Partners,US,eric.lim@lsvp.com,Investment Director,3,VC & Private Equity,Lightspeed Venture Partners,US,,Eric,Investment Director,Lim,United States,,,www.lsvp.com,7616424,0,0
m9vudmk3p6owy,Jean,Morgan,Hardware & Semiconductors,Attended,vegpmte1el8it,AMD,US,jean.morgan@amd.com,Principal VLSI Engineer,4,Hardware & Semiconductors,AMD,US,,Jean,Principal VLSI Engineer,Morgan,United States,,,www.amd.com,7922758,0,0
mvqiixkuozm7i,Amit,Nielsen,VC & Private Equity,No show,v9ry30m651lzv,Tiger Global,US,amit.nielsen@tigerglobal.com,Venture Associate,0,VC & Private Equity,Tiger Global,US,,Amit,Venture Associate,Nielsen,United States,,,www.tigerglobal.com,7969905,0,0
iix1sknxd6zmb,Philippe,Deng,IT Consulting & SI,Attended,vytjptvh31a2m,Cognizant,US,philippe.deng@cognizant.com,Cloud Migration Specialist,3,IT Consulting & SI,Cognizant,US,,Philippe,Cloud Migration Specialist,Deng,United States,,,www.cognizant.com,8205596,0,0
aayriberxe6l0,Christopher,Zhu,Enterprise Software,Attended,vdcz6pbbouzy4,Sprinklr,US,christopher.zhu@sprinklr.com,Senior Product Manager,4,Enterprise Software,Sprinklr,US,,Christopher,Senior Product Manager,Zhu,United States,,,www.sprinklr.com,8728960,0,0
7slkd4qjd7b52,Fazilah,King,Cybersecurity,Attended,vxovyxhzpdso9,CyberArk,IL,fazilah.king@cyberark.com,SOC Analyst,2,Cybersecurity,CyberArk,IL,,Fazilah,SOC Analyst,King,Israel,,,www.cyberark.com,8393667,0,0
88h23tu8lm7xx,Ama,Jones,AI & Data,Attended,vcn3on4fg0djq,LangChain,US,ama.jones@langchain.com,Research Scientist,2,AI & Data,LangChain,US,,Ama,Research Scientist,Jones,United States,,,www.langchain.com,8713154,0,0
3vvbqevfpvu2l,Elizabeth,Kim,IT Consulting & SI,Attended,vydkg2d7gg3z4,PwC Advisory,GB,elizabeth.kim@pwc.com,Director of Technology,2,IT Consulting & SI,PwC Advisory,GB,,Elizabeth,Director of Technology,Kim,United Kingdom,,,www.pwc.com,7052953,0,0
rjhhzh139q0ep,Miho,Oliveira,Enterprise Software,Attended,v8v1uc8eanr1c,HubSpot,US,miho.oliveira@hubspot.com,VP of Engineering,1,Enterprise Software,HubSpot,US,,Miho,VP of Engineering,Oliveira,United States,,,www.hubspot.com,7079167,0,0
mth2i5p7vwkfu,Ethan,Brown,Dev Tools & Platforms,Attended,v90fpi90mb0or,Twilio,US,ethan.brown@twilio.com,Developer Advocate,1,Dev Tools & Platforms,Twilio,US,,Ethan,Developer Advocate,Brown,United States,,,www.twilio.com,8745556,0,0
uvakswrzqe54p,Liam,Yang,VC & Private Equity,Attended,vfmicx9ullp5e,SoftBank Vision Fund,JP,liam.yang@softbank.com,Partner,3,VC & Private Equity,SoftBank Vision Fund,JP,,Liam,Partner,Yang,Japan,,,www.softbank.com,8476698,0,0
3g1puxjcn0cl5,Paul,Wagner,Enterprise Software,Attended,vnkdi2qg6tuq5,ServiceNow,US,paul.wagner@servicenow.com,Engineering Manager,2,Enterprise Software,ServiceNow,US,,Paul,Engineering Manager,Wagner,United States,,,www.servicenow.com,7600054,0,0
0omoms98z2n4x,Isabelle,Flores,Dev Tools & Platforms,Attended,vxzu368uuj2g4,Kong,US,isabelle.flores@konghq.com,Staff Software Engineer,3,Dev Tools & Platforms,Kong,US,,Isabelle,Staff Software Engineer,Flores,United States,,,www.konghq.com,8668716,0,0
61098cjnjz9g6,Ahmed,Joshi,AI & Data,Attended,vdvnq49440dcl,Scale AI,US,ahmed.joshi@scale.com,Research Scientist,4,AI & Data,Scale AI,US,,Ahmed,Research Scientist,Joshi,United States,,,www.scale.com,8725747,0,0
bslyfay0xa0rk,Nomsa,Thomas,Enterprise Software,No show,v8cjre5c5jo5l,Atlassian,AU,nomsa.thomas@atlassian.com,Senior Solutions Engineer,0,Enterprise Software,Atlassian,AU,,Nomsa,Senior Solutions Engineer,Thomas,Australia,,,www.atlassian.com,7994507,0,0
puv58ohcu0e0r,Sandra,Zhao,IT Consulting & SI,Attended,v3jss3t14lyf6,Infosys,IN,sandra.zhao@infosys.com,"Partner, Technology Practice",3,IT Consulting & SI,Infosys,IN,,Sandra,"Partner, Technology Practice",Zhao,India,,,www.infosys.com,7521407,0,0
90gdrra5yu3tt,Jae-Won,Rogers,Dev Tools & Platforms,No show,vbuys9p7sepho,Retool,US,jaewon.rogers@retool.com,Senior Developer Advocate,0,Dev Tools & Platforms,Retool,US,,Jae-Won,Senior Developer Advocate,Rogers,United States,,,www.retool.com,8700602,0,0
tatllqhrkmrfs,Fazilah,Brown,AI & Data,Attended,vf7akn207kioa,DataRobot,US,fazilah.brown@datarobot.com,Data Engineer,3,AI & Data,DataRobot,US,,Fazilah,Data Engineer,Brown,United States,,,www.datarobot.com,7205568,0,0
eahza9t0z6m9z,Paul,Rossi,Cybersecurity,Attended,vmxzx3vbgdico,Fortinet,US,paul.rossi@fortinet.com,Security Consultant,4,Cybersecurity,Fortinet,US,,Paul,Security Consultant,Rossi,United States,,,www.fortinet.com,8737689,0,0
iqqkb7456bfyw,Edward,Silva,Enterprise Software,No show,v372viuadj725,Microsoft,US,edward.silva@microsoft.com,Senior Product Manager,0,Enterprise Software,Microsoft,US,,Edward,Senior Product Manager,Silva,United States,,,www.microsoft.com,7752054,0,0
wstvs9qkjfpyt,Gregory,Reddy,IT Consulting & SI,Attended,vyovvt2is2jc2,NTT Data,JP,gregory.reddy@nttdata.com,Associate Director,2,IT Consulting & SI,NTT Data,JP,,Gregory,Associate Director,Reddy,Japan,,,www.nttdata.com,8714103,0,0
hnwgu9b8innu7,Lucia,Kobayashi,Cloud & Infrastructure,Attended,vpggminudc32g,Google Cloud,US,lucia.kobayashi@cloud.google.com,Senior Site Reliability Engineer,2,Cloud & Infrastructure,Google Cloud,US,,Lucia,Senior Site Reliability Engineer,Kobayashi,United States,,,www.cloud.google.com,7269915,0,0
r2keg7v48tpg7,Sarah,Schulz,IT Consulting & SI,Attended,vuv5ipbxmmnr1,Deloitte Technology,US,sarah.schulz@deloitte.com,Senior Technology Consultant,3,IT Consulting & SI,Deloitte Technology,US,,Sarah,Senior Technology Consultant,Schulz,United States,,,www.deloitte.com,8838184,0,0
xhggo6zhdqaib,Eric,Han,IT Consulting & SI,Attended,vhyhhx2x5daok,McKinsey Digital,US,eric.han@mckinsey.com,Technology Consultant,3,IT Consulting & SI,McKinsey Digital,US,,Eric,Technology Consultant,Han,United States,,,www.mckinsey.com,7367466,0,0
0kzxghexanvzg,Na,Laurent,Enterprise Software,No show,vzte0mznmxbfh,Sprinklr,US,na.laurent@sprinklr.com,Principal Product Manager,0,Enterprise Software,Sprinklr,US,,Na,Principal Product Manager,Laurent,United States,,,www.sprinklr.com,7648702,0,0
uptvn29mrqvd7,Benjamin,Sun,IT Consulting & SI,Attended,vx1jmh6t4u7s0,Accenture,IE,benjamin.sun@accenture.com,Technology Consultant,2,IT Consulting & SI,Accenture,IE,,Benjamin,Technology Consultant,Sun,Ireland,,,www.accenture.com,7694986,0,0
14kmry09sgwn0,Edward,Verma,Dev Tools & Platforms,Attended,vmodp9nufhn5y,PagerDuty,US,edward.verma@pagerduty.com,Staff Software Engineer,3,Dev Tools & Platforms,PagerDuty,US,,Edward,Staff Software Engineer,Verma,United States,,,www.pagerduty.com,8398343,0,0
i0oyeic0oqf8r,Kwame,Fischer,IT Consulting & SI,Attended,vm9iilaof4ogj,IBM Consulting,US,kwame.fischer@ibm.com,Senior Technology Consultant,3,IT Consulting & SI,IBM Consulting,US,,Kwame,Senior Technology Consultant,Fischer,United States,,,www.ibm.com,7305788,0,0
4roylqfsda898,Jing,Green,Cybersecurity,Attended,v0bt7rol7mayt,Okta,US,jing.green@okta.com,Security Consultant,3,Cybersecurity,Okta,US,,Jing,Security Consultant,Green,United States,,,www.okta.com,8813127,0,0
i7p2r5jglwmk6,Hyun,Song,AI & Data,Attended,vsf9nrmozl65x,DataRobot,US,hyun.song@datarobot.com,Principal ML Engineer,2,AI & Data,DataRobot,US,,Hyun,Principal ML Engineer,Song,United States,,,www.datarobot.com,7963421,0,0
qkp9xco59avh0,Pooja,Zhu,Cybersecurity,Attended,v94ipzgrspiw0,CyberArk,IL,pooja.zhu@cyberark.com,Security Consultant,1,Cybersecurity,CyberArk,IL,,Pooja,Security Consultant,Zhu,Israel,,,www.cyberark.com,7748470,0,0
su6d143mo2op6,Raj,Agarwal,Enterprise Software,Attended,vvmjobru2qlc6,Intuit,US,raj.agarwal@intuit.com,Engineering Manager,2,Enterprise Software,Intuit,US,,Raj,Engineering Manager,Agarwal,United States,,,www.intuit.com,7515446,0,0
q32rv23u65xnu,George,Malhotra,VC & Private Equity,Attended,vfa4afm3mhpdp,Lightspeed Venture Partners,US,george.malhotra@lsvp.com,Investment Director,3,VC & Private Equity,Lightspeed Venture Partners,US,,George,Investment Director,Malhotra,United States,,,www.lsvp.com,7668618,0,0
dy8lwkhrzfdyx,Franz,Pedersen,Cloud & Infrastructure,Attended,vsx2yp7vnsgol,Fastly,US,franz.pedersen@fastly.com,Platform Engineer,3,Cloud & Infrastructure,Fastly,US,,Franz,Platform Engineer,Pedersen,United States,,,www.fastly.com,7911772,0,0
x5tteugqv2x2h,Sara,Loh,IT Consulting & SI,Attended,v8v2wv3dyf7bn,HCL Technologies,IN,sara.loh@hcltech.com,VP of Digital Transformation,2,IT Consulting & SI,HCL Technologies,IN,,Sara,VP of Digital Transformation,Loh,India,,,www.hcltech.com,8406188,0,0
qmrmplxc0padr,Liang,Han,Cybersecurity,Attended,vku0gkh8vxpsa,SentinelOne,US,liang.han@sentinelone.com,SOC Analyst,3,Cybersecurity,SentinelOne,US,,Liang,SOC Analyst,Han,United States,,,www.sentinelone.com,7395026,0,0
4rv3nsxof6t6w,Charles,Taylor,Dev Tools & Platforms,Attended,veggh02wpkqj3,PagerDuty,US,charles.taylor@pagerduty.com,Head of Developer Relations,4,Dev Tools & Platforms,PagerDuty,US,,Charles,Head of Developer Relations,Taylor,United States,,,www.pagerduty.com,8394410,0,0
glygwr70iofif,Jennifer,Okonkwo,Hardware & Semiconductors,Attended,voq6pk5mssewk,SambaNova Systems,US,jennifer.okonkwo@sambanova.ai,System Architecture Engineer,3,Hardware & Semiconductors,SambaNova Systems,US,,Jennifer,System Architecture Engineer,Okonkwo,United States,,,www.sambanova.ai,7471003,0,0
e9sb5mbzgjzg8,Marie,Nelson,VIP,Attended,vu6mqbiafhe0f,NVIDIA,US,marie.nelson@nvidia.com,Chief Product Officer,4,VIP,NVIDIA,US,,Marie,Chief Product Officer,Nelson,United States,,VIP,www.nvidia.com,7934162,0,0
yv9binmyxdhz0,Jason,Chua,Media/Press,Attended,vey8lqdwb32in,The Verge,US,jason.chua@theverge.com,Tech Reporter,4,Media/Press,The Verge,US,,Jason,Tech Reporter,Chua,United States,,,www.theverge.com,7374065,0,0
hd8mexwxzmcd6,Sandra,Jackson,Cloud & Infrastructure,Attended,vxhmk0ufucguw,Akamai Technologies,US,sandra.jackson@akamai.com,DevOps Engineer,4,Cloud & Infrastructure,Akamai Technologies,US,,Sandra,DevOps Engineer,Jackson,United States,,,www.akamai.com,7313893,0,0
h4zuz0pjqtf8n,Kento,Moreau,VC & Private Equity,Attended,vbewud30e47lq,GGV Capital,US,kento.moreau@ggvc.com,Venture Associate,3,VC & Private Equity,GGV Capital,US,,Kento,Venture Associate,Moreau,United States,,,www.ggvc.com,8497165,0,0
agp60q2oazfuu,Sota,He,Staff,Attended,vzwp4o5xkqr4z,TechForward Organising Committee,SG,sota.he@techforwardsummit.com,Registration & Badging Lead,2,Staff,TechForward Organising Committee,SG,,Sota,Registration & Badging Lead,He,Singapore,,,www.techforwardsummit.com,7773460,0,0
5gyimq5glhc0d,Nurul,Carter,Cybersecurity,Attended,vj96irx3nghb3,Okta,US,nurul.carter@okta.com,Security Architect,4,Cybersecurity,Okta,US,,Nurul,Security Architect,Carter,United States,,,www.okta.com,7695192,0,0
xlfn7v2t3flwl,Ngozi,Campbell,Cloud & Infrastructure,Attended,v91qjwnnhn3k7,Elastic,NL,ngozi.campbell@elastic.co,DevOps Engineer,2,Cloud & Infrastructure,Elastic,NL,,Ngozi,DevOps Engineer,Campbell,Netherlands,,,www.elastic.co,8671588,0,0
ojjfaf8edjm7w,Ming,Tran,VC & Private Equity,Attended,v4hxiobcfphg4,Accel,US,ming.tran@accel.com,Principal,3,VC & Private Equity,Accel,US,,Ming,Principal,Tran,United States,,,www.accel.com,8744346,0,0
uf3s9m8yi038z,Hassan,Oh,Dev Tools & Platforms,Attended,v2fs1o7d3y82f,MuleSoft,US,hassan.oh@mulesoft.com,Staff Software Engineer,4,Dev Tools & Platforms,MuleSoft,US,,Hassan,Staff Software Engineer,Oh,United States,,,www.mulesoft.com,8951701,0,0
t1n0nrxyco8rb,Laura,Laurent,Enterprise Software,Attended,vt4obks3ii3f4,Workday,US,laura.laurent@workday.com,Solutions Architect,2,Enterprise Software,Workday,US,,Laura,Solutions Architect,Laurent,United States,,,www.workday.com,8351061,0,0
ygqymh33dharj,Ryo,Moore,IT Consulting & SI,Attended,vi6yb9pdgkrjw,Infosys,IN,ryo.moore@infosys.com,Managing Consultant,3,IT Consulting & SI,Infosys,IN,,Ryo,Managing Consultant,Moore,India,,,www.infosys.com,7249086,0,0
n2be6oormr9p9,Ali,White,Cybersecurity,Attended,v5uzydp0lo2k9,Snyk,GB,ali.white@snyk.io,SOC Analyst,3,Cybersecurity,Snyk,GB,,Ali,SOC Analyst,White,United Kingdom,,,www.snyk.io,8855083,0,0
gh2ytesne8qpu,Isabelle,Patel,IT Consulting & SI,No show,v45b3ax743vc2,TCS,IN,isabelle.patel@tcs.com,Director of Technology,0,IT Consulting & SI,TCS,IN,,Isabelle,Director of Technology,Patel,India,,,www.tcs.com,7155439,0,0
qriqye1sofpvo,Nancy,Tran,Enterprise Software,Attended,veo37phanhdt4,Zendesk,US,nancy.tran@zendesk.com,VP of Sales,2,Enterprise Software,Zendesk,US,,Nancy,VP of Sales,Tran,United States,,,www.zendesk.com,8130492,0,0
cii1j0f53qb38,Yan,Nakamura,Enterprise Software,Attended,vyhedxfe3jwe4,Intuit,US,yan.nakamura@intuit.com,Engineering Manager,4,Enterprise Software,Intuit,US,,Yan,Engineering Manager,Nakamura,United States,,,www.intuit.com,7992727,0,0
tsnja57i1nisk,George,Baker,Cloud & Infrastructure,Attended,vywcoq5ldl7nh,Google Cloud,US,george.baker@cloud.google.com,Platform Engineer,2,Cloud & Infrastructure,Google Cloud,US,,George,Platform Engineer,Baker,United States,,,www.cloud.google.com,7982972,0,0
kv0n4h2awnf3k,Jacob,Yap,Cybersecurity,Attended,veyyn2w8g4u1i,Rapid7,US,jacob.yap@rapid7.com,Director of Cybersecurity,2,Cybersecurity,Rapid7,US,,Jacob,Director of Cybersecurity,Yap,United States,,,www.rapid7.com,7113582,0,0
dto8uflv4ba7o,Carol,Iyer,IT Consulting & SI,No show,vbbc83y0clccv,IBM Consulting,US,carol.iyer@ibm.com,Data & AI Practice Lead,0,IT Consulting & SI,IBM Consulting,US,,Carol,Data & AI Practice Lead,Iyer,United States,,,www.ibm.com,8586774,0,0
dhx16h7009wvn,Lin,Tang,Cloud & Infrastructure,Attended,vf751vutpqcms,MongoDB,US,lin.tang@mongodb.com,Senior Site Reliability Engineer,3,Cloud & Infrastructure,MongoDB,US,,Lin,Senior Site Reliability Engineer,Tang,United States,,,www.mongodb.com,7054336,0,0
w5dy4lre7pi8w,Khairul,Tanaka,Enterprise Software,No show,veji4p0e4y5x6,Sprinklr,US,khairul.tanaka@sprinklr.com,Senior Product Manager,0,Enterprise Software,Sprinklr,US,,Khairul,Senior Product Manager,Tanaka,United States,,,www.sprinklr.com,7404162,0,0
fpt55hty6xngd,Henrik,Cox,Cybersecurity,Attended,vj56utdrjdl2a,Palo Alto Networks,US,henrik.cox@paloaltonetworks.com,Security Sales Engineer,4,Cybersecurity,Palo Alto Networks,US,,Henrik,Security Sales Engineer,Cox,United States,,,www.paloaltonetworks.com,7509726,0,0
m236mkzrrk6uj,Hiroshi,Gao,Staff,Attended,vvbp3bau57ote,FieldDrive Events,BE,hiroshi.gao@fielddrive.com,Registration & Badging Lead,1,Staff,FieldDrive Events,BE,,Hiroshi,Registration & Badging Lead,Gao,Belgium,,,www.fielddrive.com,8847938,0,0
uoys78yp5ssm0,Vikram,Webb,Cybersecurity,Attended,vdl4ycpuukbi7,CrowdStrike,US,vikram.webb@crowdstrike.com,Security Sales Engineer,2,Cybersecurity,CrowdStrike,US,,Vikram,Security Sales Engineer,Webb,United States,,,www.crowdstrike.com,8338497,0,0
yyiir41g20dfx,Ethan,Cooper,Enterprise Software,Attended,vuj5ogqjt4ngy,Oracle,US,ethan.cooper@oracle.com,Customer Success Manager,3,Enterprise Software,Oracle,US,,Ethan,Customer Success Manager,Cooper,United States,,,www.oracle.com,8964560,0,0
4nvv78zoheotb,Kavita,Iyer,Cybersecurity,No show,v1ppqvq1hu3fi,Rapid7,US,kavita.iyer@rapid7.com,CISO,0,Cybersecurity,Rapid7,US,,Kavita,CISO,Iyer,United States,,,www.rapid7.com,8021731,0,0
ofym0tmg2pu2n,Fang,Weber,VC & Private Equity,Attended,vu4h6fq3rwk3o,Andreessen Horowitz,US,fang.weber@a16z.com,Managing Director,3,VC & Private Equity,Andreessen Horowitz,US,,Fang,Managing Director,Weber,United States,,,www.a16z.com,7057376,0,0
p33giunwelajm,Soo-Jin,Bell,Enterprise Software,Attended,v3um94w739v57,Adobe,US,soojin.bell@microsoft.com,Solutions Engineer,3,Enterprise Software,Adobe,US,,Soo-Jin,Solutions Engineer,Bell,United States,,,www.adobe.com,7730677,0,0
pqvczkakj6szx,Margaret,Kim,AI & Data,Attended,vi5n6dbxf9rex,DataRobot,US,margaret.kim@datarobot.com,Data Engineer,2,AI & Data,DataRobot,US,,Margaret,Data Engineer,Kim,United States,,,www.datarobot.com,8090700,0,0
f0miz8qajxhrm,Kavita,Han,Cloud & Infrastructure,Attended,vf6m8wnlephvp,Cloudflare,US,kavita.han@cloudflare.com,Head of Developer Relations,3,Cloud & Infrastructure,Cloudflare,US,,Kavita,Head of Developer Relations,Han,United States,,,www.cloudflare.com,8221558,0,0
czzyagzr64l4y,Aisha,Zheng,Dev Tools & Platforms,Attended,vwp6cbc5tnll5,Temporal,US,aisha.zheng@temporal.io,Developer Advocate,2,Dev Tools & Platforms,Temporal,US,,Aisha,Developer Advocate,Zheng,United States,,,www.temporal.io,7306977,0,0
25m9ferjxmzwq,Sarah,Miller,Hardware & Semiconductors,Attended,vdbdpv4rewmub,Qualcomm,US,sarah.miller@qualcomm.com,System Architecture Engineer,2,Hardware & Semiconductors,Qualcomm,US,,Sarah,System Architecture Engineer,Miller,United States,,,www.qualcomm.com,8364118,0,0
h5n42rlosalsu,Philip,Nielsen,AI & Data,Attended,vl8snw74yrtu7,Palantir Technologies,US,philip.nielsen@palantir.com,Data Engineer,2,AI & Data,Palantir Technologies,US,,Philip,Data Engineer,Nielsen,United States,,,www.palantir.com,7799678,0,0
u15utsu3w90dp,Maria,Thomas,Enterprise Software,Attended,vimrbzn59gmuc,Microsoft,US,maria.thomas@microsoft.com,Staff Software Engineer,2,Enterprise Software,Microsoft,US,,Maria,Staff Software Engineer,Thomas,United States,,,www.microsoft.com,8248082,0,0
rlwp47lz0o158,Catherine,Hall,Cybersecurity,Attended,vj8h19yx6yinw,CrowdStrike,US,catherine.hall@crowdstrike.com,CISO,3,Cybersecurity,CrowdStrike,US,,Catherine,CISO,Hall,United States,,,www.crowdstrike.com,7965079,0,0
ut7p5mz6w3co8,Dewi,Cho,Cybersecurity,Attended,vpe74add0gn7r,Lacework,US,dewi.cho@lacework.com,Security Consultant,4,Cybersecurity,Lacework,US,,Dewi,Security Consultant,Cho,United States,,,www.lacework.com,7577158,0,0
fcqjukurk1ctz,Luca,Turner,IT Consulting & SI,Attended,vgwkidnfe9o1x,TCS,IN,luca.turner@tcs.com,"Partner, Technology Practice",1,IT Consulting & SI,TCS,IN,,Luca,"Partner, Technology Practice",Turner,India,,,www.tcs.com,7129844,0,0
kktbk5p24t9n4,Philip,Torres,Cloud & Infrastructure,Attended,v4fbv46mu62oe,Supabase,US,philip.torres@supabase.com,DevOps Engineer,4,Cloud & Infrastructure,Supabase,US,,Philip,DevOps Engineer,Torres,United States,,,www.supabase.com,7284194,0,0
jngvspj0lxwtr,Sophie,Wilson,IT Consulting & SI,Attended,v1ueiaq3j9x2h,NTT Data,JP,sophie.wilson@nttdata.com,Cloud Migration Specialist,4,IT Consulting & SI,NTT Data,JP,,Sophie,Cloud Migration Specialist,Wilson,Japan,,,www.nttdata.com,8123550,0,0
41ug82z8exrcl,Fazilah,Ferrari,Media/Press,Attended,vic6b0yucqefr,MIT Technology Review,US,fazilah.ferrari@technologyreview.com,Tech Reporter,3,Media/Press,MIT Technology Review,US,,Fazilah,Tech Reporter,Ferrari,United States,,,www.technologyreview.com,8052270,0,0
r9rlqk0pqs2fn,Tao,Davies,IT Consulting & SI,Attended,vukm7y1uvjytm,Accenture,IE,tao.davies@accenture.com,"Solution Architect, Digital",3,IT Consulting & SI,Accenture,IE,,Tao,"Solution Architect, Digital",Davies,Ireland,,,www.accenture.com,7504256,0,0
8cd5n9h32isnk,Shan,Ong,Enterprise Software,Attended,vtkp2pxyw7dqt,Adobe,US,shan.ong@adobe.com,VP of Engineering,2,Enterprise Software,Adobe,US,,Shan,VP of Engineering,Ong,United States,,,www.adobe.com,8338104,0,0
943fwjbuoey6d,Fazilah,Lee,Hardware & Semiconductors,Attended,vrhy1hnxiyyvi,AMD,US,fazilah.lee@amd.com,System Architecture Engineer,1,Hardware & Semiconductors,AMD,US,,Fazilah,System Architecture Engineer,Lee,United States,,,www.amd.com,8296826,0,0
o7rn7uqi62k3l,Kai,Bhatt,Dev Tools & Platforms,Attended,v0w5rxmabl30x,Postman,US,kai.bhatt@postman.com,Head of Developer Relations,3,Dev Tools & Platforms,Postman,US,,Kai,Head of Developer Relations,Bhatt,United States,,,www.postman.com,7256495,0,0
zod9gevguk1zg,Naomi,Mishra,Cybersecurity,Attended,v8isz514giu5d,Wiz,US,naomi.mishra@wiz.io,Security Consultant,4,Cybersecurity,Wiz,US,,Naomi,Security Consultant,Mishra,United States,,,www.wiz.io,8285197,0,0
uskb6884rojvv,Rania,Singh,Cloud & Infrastructure,Attended,vf010aiaojdux,MongoDB,US,rania.singh@mongodb.com,Chief Technology Officer,3,Cloud & Infrastructure,MongoDB,US,,Rania,Chief Technology Officer,Singh,United States,,,www.mongodb.com,7540410,0,0
lvumhf5ox05zh,Aoi,Nguyen,Cloud & Infrastructure,Attended,vi646nz3ha6cb,MongoDB,US,aoi.nguyen@mongodb.com,Platform Engineer,3,Cloud & Infrastructure,MongoDB,US,,Aoi,Platform Engineer,Nguyen,United States,,,www.mongodb.com,8637218,0,0
sxxrppnl6rnkw,Pablo,Clarke,AI & Data,Attended,vxzwl9pqrmou8,Weaviate,NL,pablo.clarke@weaviate.io,Data Engineer,4,AI & Data,Weaviate,NL,,Pablo,Data Engineer,Clarke,Netherlands,,,www.weaviate.io,8274971,0,0
mpiw8bwqrueys,Frank,Patel,VC & Private Equity,Attended,v2n3k875yuztw,SoftBank Vision Fund,JP,frank.patel@softbank.com,General Partner,3,VC & Private Equity,SoftBank Vision Fund,JP,,Frank,General Partner,Patel,Japan,,,www.softbank.com,7645042,0,0
xxx5f6z61dhih,Margaret,Rahman,Cybersecurity,Attended,vpsmtk7p6xsvo,Okta,US,margaret.rahman@okta.com,Senior Security Engineer,3,Cybersecurity,Okta,US,,Margaret,Senior Security Engineer,Rahman,United States,,,www.okta.com,8069726,0,0
ud6le9cb61g9f,Klaus,Martinez,VC & Private Equity,Attended,v7wo948wegt5j,Sequoia Capital,US,klaus.martinez@sequoiacap.com,Partner,3,VC & Private Equity,Sequoia Capital,US,,Klaus,Partner,Martinez,United States,,,www.sequoiacap.com,7491948,0,0
f6bio00o72q4m,Jacob,Cook,Enterprise Software,Attended,v8nmkwcj8dl4j,Sprinklr,US,jacob.cook@sprinklr.com,VP of Engineering,3,Enterprise Software,Sprinklr,US,,Jacob,VP of Engineering,Cook,United States,,,www.sprinklr.com,7129618,0,0
jop0vea3vo06v,Sofia,Rogers,IT Consulting & SI,Attended,v5f4c6vzbmp4j,Slalom,US,sofia.rogers@slalom.com,Agile Delivery Lead,3,IT Consulting & SI,Slalom,US,,Sofia,Agile Delivery Lead,Rogers,United States,,,www.slalom.com,8059648,0,0
citegb1dindlf,Layla,Pham,Enterprise Software,Attended,vdttnibth05ys,Salesforce,US,layla.pham@salesforce.com,Senior Product Manager,3,Enterprise Software,Salesforce,US,,Layla,Senior Product Manager,Pham,United States,,,www.salesforce.com,7897713,0,0
eeazvw7njkhvy,Ingrid,Patel,Cybersecurity,No show,vqdk9xma5vixr,CyberArk,IL,ingrid.patel@cyberark.com,CISO,0,Cybersecurity,CyberArk,IL,,Ingrid,CISO,Patel,Israel,,,www.cyberark.com,7531448,0,0
atqv9ob3mqw20,Ji-Won,Deng,Hardware & Semiconductors,Attended,vx3rkwwcf5dek,Graphcore,GB,jiwon.deng@graphcore.ai,System Architecture Engineer,2,Hardware & Semiconductors,Graphcore,GB,,Ji-Won,System Architecture Engineer,Deng,United Kingdom,,,www.graphcore.ai,7882555,0,0
gqgv8h0z6wf6b,Marie,Silva,AI & Data,Attended,v3isxhvt1kkeq,Hugging Face,US,marie.silva@huggingface.co,AI/ML Platform Lead,4,AI & Data,Hugging Face,US,,Marie,AI/ML Platform Lead,Silva,United States,,,www.huggingface.co,7446942,0,0
zoo0ahwy423pa,Adam,Clarke,Cloud & Infrastructure,Attended,vce2f346zssjn,Google Cloud,US,adam.clarke@cloud.google.com,Platform Engineer,3,Cloud & Infrastructure,Google Cloud,US,,Adam,Platform Engineer,Clarke,United States,,,www.cloud.google.com,8212073,0,0
znp8kaiwjwxyo,Amit,Wright,IT Consulting & SI,Attended,vuhif806qxn6i,Thoughtworks,US,amit.wright@thoughtworks.com,Technology Consultant,3,IT Consulting & SI,Thoughtworks,US,,Amit,Technology Consultant,Wright,United States,,,www.thoughtworks.com,7433785,0,0
ivv1erk0vf616,Khalid,Cooper,IT Consulting & SI,Attended,vd3cv0l5c098j,Publicis Sapient,FR,khalid.cooper@publicissapient.com,Technology Consultant,3,IT Consulting & SI,Publicis Sapient,FR,,Khalid,Technology Consultant,Cooper,France,,,www.publicissapient.com,8120880,0,0
8gghtv3sy80w5,Neha,Nair,Dev Tools & Platforms,No show,vgsm7rbrxdy63,Sentry,US,neha.nair@sentry.io,Senior Developer Advocate,0,Dev Tools & Platforms,Sentry,US,,Neha,Senior Developer Advocate,Nair,United States,,,www.sentry.io,8770980,0,0
v57hlszm6vduq,Marie,Zhu,Enterprise Software,Attended,vdji6sow4yif5,Salesforce,US,marie.zhu@salesforce.com,Engineering Manager,3,Enterprise Software,Salesforce,US,,Marie,Engineering Manager,Zhu,United States,,,www.salesforce.com,8411576,0,0
hq2eaesqaxmvw,Pooja,Evans,Cloud & Infrastructure,Attended,v0nhjla9a1n3i,HashiCorp,US,pooja.evans@cloud.google.com,Developer Advocate,1,Cloud & Infrastructure,HashiCorp,US,,Pooja,Developer Advocate,Evans,United States,,,www.hashicorp.com,7918425,0,0
2moyqj3izbt1k,Anita,Young,AI & Data,Attended,vt7ga8sr6yhtx,Weights & Biases,US,anita.young@wandb.ai,Research Scientist,3,AI & Data,Weights & Biases,US,,Anita,Research Scientist,Young,United States,,,www.wandb.ai,8983575,0,0
62sqry1eyn70w,Meera,Zhou,IT Consulting & SI,Attended,v1pfxmbesb2lc,PwC Advisory,GB,meera.zhou@pwc.com,Cloud Migration Specialist,2,IT Consulting & SI,PwC Advisory,GB,,Meera,Cloud Migration Specialist,Zhou,United Kingdom,,,www.pwc.com,8942950,0,0
m04acc7y1wngx,Nancy,Schmidt,Dev Tools & Platforms,Attended,vam7bpqjm7x1r,GitLab,US,nancy.schmidt@gitlab.com,Senior Developer Advocate,4,Dev Tools & Platforms,GitLab,US,,Nancy,Senior Developer Advocate,Schmidt,United States,,,www.gitlab.com,7569424,0,0
e6kn0q48gcnub,Juan,Koh,Enterprise Software,No show,vj74f55acobte,Adobe,US,juan.koh@adobe.com,Engineering Manager,0,Enterprise Software,Adobe,US,,Juan,Engineering Manager,Koh,United States,,,www.adobe.com,7280798,0,0
zzrbyqgyiw59o,Ming,Andersen,AI & Data,Attended,vdm7k0nt95ost,NVIDIA,US,ming.andersen@nvidia.com,Principal ML Engineer,3,AI & Data,NVIDIA,US,,Ming,Principal ML Engineer,Andersen,United States,,,www.nvidia.com,7769160,0,0
futgshxm42yvk,Jeffrey,Yoon,Cloud & Infrastructure,Attended,vlu1eao1l9nyp,Google Cloud,US,jeffrey.yoon@cloud.google.com,Platform Engineer,4,Cloud & Infrastructure,Google Cloud,US,,Jeffrey,Platform Engineer,Yoon,United States,,,www.cloud.google.com,8021969,0,0
pg739zobzoujj,Chloe,Baker,Cloud & Infrastructure,Attended,v30tldo1va1qo,Fastly,US,chloe.baker@fastly.com,Senior Site Reliability Engineer,3,Cloud & Infrastructure,Fastly,US,,Chloe,Senior Site Reliability Engineer,Baker,United States,,,www.fastly.com,7899613,0,0
3jw6r8ykehvq9,Hiroshi,Sato,Cloud & Infrastructure,Attended,vxd8xq41wjx3x,Datadog,US,hiroshi.sato@datadoghq.com,VP of Engineering,4,Cloud & Infrastructure,Datadog,US,,Hiroshi,VP of Engineering,Sato,United States,,,www.datadoghq.com,7019854,0,0
j6v4523arbbr7,Ngozi,Jones,Dev Tools & Platforms,Attended,vdki5bbkv0x96,LaunchDarkly,US,ngozi.jones@launchdarkly.com,Solutions Engineer,3,Dev Tools & Platforms,LaunchDarkly,US,,Ngozi,Solutions Engineer,Jones,United States,,,www.launchdarkly.com,8855146,0,0
bnigzmk8j1923,Hassan,Phillips,Cybersecurity,Attended,vwvlcx7mm1hqb,Okta,US,hassan.phillips@okta.com,CISO,3,Cybersecurity,Okta,US,,Hassan,CISO,Phillips,United States,,,www.okta.com,8887552,0,0
7u1kdjbn5zul2,Patricia,Turner,AI & Data,Attended,veeiqfj097ndg,Scale AI,US,patricia.turner@scale.com,Head of Data Science,2,AI & Data,Scale AI,US,,Patricia,Head of Data Science,Turner,United States,,,www.scale.com,7194662,0,0
3vcpea74tbs9i,Meera,Kobayashi,IT Consulting & SI,Attended,vzkm5vgywi7zw,KPMG Advisory,NL,meera.kobayashi@kpmg.com,Technology Consultant,2,IT Consulting & SI,KPMG Advisory,NL,,Meera,Technology Consultant,Kobayashi,Netherlands,,,www.kpmg.com,8045389,0,0
7qirjqr0u09xo,Lucia,Deng,Hardware & Semiconductors,Attended,vx3mslzarfgx9,SambaNova Systems,US,lucia.deng@sambanova.ai,Senior Chip Design Engineer,2,Hardware & Semiconductors,SambaNova Systems,US,,Lucia,Senior Chip Design Engineer,Deng,United States,,,www.sambanova.ai,8122446,0,0
lqbw677lrc6g1,Andrea,Romano,Hardware & Semiconductors,Attended,vhav6xh9m0p87,Intel,US,andrea.romano@intel.com,Senior Chip Design Engineer,3,Hardware & Semiconductors,Intel,US,,Andrea,Senior Chip Design Engineer,Romano,United States,,,www.intel.com,8369105,0,0
g01pyd819etpg,Ana,Wright,Enterprise Software,Attended,v2o8xghiy1bfw,Oracle,US,ana.wright@oracle.com,Director of Engineering,1,Enterprise Software,Oracle,US,,Ana,Director of Engineering,Wright,United States,,,www.oracle.com,8421720,0,0
xi18t1500eeod,Ibrahim,Morgan,Dev Tools & Platforms,Attended,v1vaa4ltv5lx9,PagerDuty,US,ibrahim.morgan@pagerduty.com,Platform Product Manager,4,Dev Tools & Platforms,PagerDuty,US,,Ibrahim,Platform Product Manager,Morgan,United States,,,www.pagerduty.com,7195281,0,0
qzdnhjydak4u9,Elizabeth,Davies,Enterprise Software,Attended,vm305t1ww8paw,SAP,DE,elizabeth.davies@sap.com,VP of Engineering,3,Enterprise Software,SAP,DE,,Elizabeth,VP of Engineering,Davies,Germany,,,www.sap.com,7458691,0,0
st87quf7p2r6u,Soo-Jin,Xu,Enterprise Software,Attended,v0m2v0mw405g0,Salesforce,US,soojin.xu@salesforce.com,Head of Growth,4,Enterprise Software,Salesforce,US,,Soo-Jin,Head of Growth,Xu,United States,,,www.salesforce.com,8204807,0,0
ptmqk0ymxneew,Rachel,Zeng,IT Consulting & SI,Attended,vt8j2vo7iugrr,NTT Data,JP,rachel.zeng@nttdata.com,"Partner, Technology Practice",2,IT Consulting & SI,NTT Data,JP,,Rachel,"Partner, Technology Practice",Zeng,Japan,,,www.nttdata.com,7058428,0,0
nebcxiijcdggh,Pranav,Reddy,Enterprise Software,Attended,vohs5ok6bu9xr,Sprinklr,US,pranav.reddy@sprinklr.com,Senior Product Manager,4,Enterprise Software,Sprinklr,US,,Pranav,Senior Product Manager,Reddy,United States,,,www.sprinklr.com,8214556,0,0
w9hne0r3i9huk,Christine,Davis,VC & Private Equity,No show,vp6jr07h0ums4,Bessemer Venture Partners,US,christine.davis@bvp.com,Venture Associate,0,VC & Private Equity,Bessemer Venture Partners,US,,Christine,Venture Associate,Davis,United States,,,www.bvp.com,7475161,0,0
32b62346a4rya,Tendai,Khanna,AI & Data,Attended,vek5a0xujinhd,NVIDIA,US,tendai.khanna@nvidia.com,AI/ML Platform Lead,3,AI & Data,NVIDIA,US,,Tendai,AI/ML Platform Lead,Khanna,United States,,,www.nvidia.com,8028144,0,0
82zqyjm3ppsoh,Wolfgang,Tang,Dev Tools & Platforms,Attended,vxf823qxawtci,Stripe,US,wolfgang.tang@stripe.com,Senior Developer Advocate,2,Dev Tools & Platforms,Stripe,US,,Wolfgang,Senior Developer Advocate,Tang,United States,,,www.stripe.com,8459847,0,0
laa6uypv2jrch,Feng,Bianchi,Cybersecurity,Attended,vt1tpgnwnl7i3,Palo Alto Networks,US,feng.bianchi@paloaltonetworks.com,Security Sales Engineer,2,Cybersecurity,Palo Alto Networks,US,,Feng,Security Sales Engineer,Bianchi,United States,,,www.paloaltonetworks.com,7347230,0,0
pyemnnpikzpxb,Omar,Jackson,Hardware & Semiconductors,Attended,vb3mk8tewa5uy,Arm Holdings,GB,omar.jackson@arm.com,Principal VLSI Engineer,4,Hardware & Semiconductors,Arm Holdings,GB,,Omar,Principal VLSI Engineer,Jackson,United Kingdom,,,www.arm.com,7837326,0,0
g3fimlcbiedbz,Fazilah,Sharma,Enterprise Software,No show,vnmtr28j9bf63,SAP,DE,fazilah.sharma@sap.com,Chief Product Officer,0,Enterprise Software,SAP,DE,,Fazilah,Chief Product Officer,Sharma,Germany,,,www.sap.com,8809400,0,0
h1zriydrud24d,Pooja,He,VC & Private Equity,No show,vkrf4fxen3mac,Sequoia Capital,US,pooja.he@sequoiacap.com,Venture Associate,0,VC & Private Equity,Sequoia Capital,US,,Pooja,Venture Associate,He,United States,,,www.sequoiacap.com,7342676,0,0
jn23648n9ji7o,Jean,Sanchez,Cybersecurity,Attended,vmemto2vdsizb,Wiz,US,jean.sanchez@wiz.io,Senior Security Engineer,2,Cybersecurity,Wiz,US,,Jean,Senior Security Engineer,Sanchez,United States,,,www.wiz.io,7791595,0,0
ny41uiw5e1qml,Pooja,Malhotra,VC & Private Equity,Attended,v5mqt8egt3hfj,Accel,US,pooja.malhotra@accel.com,General Partner,3,VC & Private Equity,Accel,US,,Pooja,General Partner,Malhotra,United States,,,www.accel.com,7866052,0,0
ra9pay1t5g72m,Michael,Reddy,IT Consulting & SI,Attended,vf4srn6m6xk7o,Accenture,IE,michael.reddy@accenture.com,Director of Technology,2,IT Consulting & SI,Accenture,IE,,Michael,Director of Technology,Reddy,Ireland,,,www.accenture.com,7181907,0,0
5ruwp9jxi9b7c,Jun,Taylor,Enterprise Software,Attended,v8do1p98snlc1,Zendesk,US,jun.taylor@zendesk.com,Engineering Manager,3,Enterprise Software,Zendesk,US,,Jun,Engineering Manager,Taylor,United States,,,www.zendesk.com,8536032,0,0
ak0pntkluuj7k,Jessica,Morgan,AI & Data,No show,vex5devi5b9oi,NVIDIA,US,jessica.morgan@nvidia.com,Head of Data Science,0,AI & Data,NVIDIA,US,,Jessica,Head of Data Science,Morgan,United States,,,www.nvidia.com,8362148,0,0
m6jr8fl9v2qji,Anita,Collins,Enterprise Software,No show,v47jwu7sa7idi,Workday,US,anita.collins@workday.com,"Account Executive, Enterprise",0,Enterprise Software,Workday,US,,Anita,"Account Executive, Enterprise",Collins,United States,,,www.workday.com,8133303,0,0
ejqbeccxhj4wu,Daiki,Tran,Enterprise Software,Attended,vpr4tw5s63rh5,Zendesk,US,daiki.tran@zendesk.com,Solutions Architect,4,Enterprise Software,Zendesk,US,,Daiki,Solutions Architect,Tran,United States,,,www.zendesk.com,7958786,0,0
zzr8o9xs2s1sp,Hye-Jin,Lim,Enterprise Software,Attended,vz0ciuwkw9vzc,SAP,DE,hyejin.lim@sap.com,Engineering Manager,3,Enterprise Software,SAP,DE,,Hye-Jin,Engineering Manager,Lim,Germany,,,www.sap.com,8037377,0,0
2jpkvcbzyiyn6,Jing,Williams,IT Consulting & SI,Attended,v2u8z1xie39zv,Infosys,IN,jing.williams@infosys.com,Technology Consultant,3,IT Consulting & SI,Infosys,IN,,Jing,Technology Consultant,Williams,India,,,www.infosys.com,7230095,0,0
8msg4ogb1lrxg,Neha,Stewart,IT Consulting & SI,Attended,vkekt0kxgntus,IBM Consulting,US,neha.stewart@ibm.com,Managing Consultant,3,IT Consulting & SI,IBM Consulting,US,,Neha,Managing Consultant,Stewart,United States,,,www.ibm.com,7932537,0,0
lq7ar42ddkoxn,Walter,Li,Dev Tools & Platforms,No show,v4kda24mks9vi,Twilio,US,walter.li@twilio.com,Senior Developer Advocate,0,Dev Tools & Platforms,Twilio,US,,Walter,Senior Developer Advocate,Li,United States,,,www.twilio.com,7656907,0,0
v9wxn91tfrsa8,Stephanie,Lim,Enterprise Software,No show,vzfawty7kfghp,Zendesk,US,stephanie.lim@zendesk.com,Chief Technology Officer,0,Enterprise Software,Zendesk,US,,Stephanie,Chief Technology Officer,Lim,United States,,,www.zendesk.com,8935040,0,0
yxbd07q2jbtzg,Jason,Feng,Cybersecurity,No show,vtld6f0n3it2v,Tenable,US,jason.feng@tenable.com,Threat Intelligence Analyst,0,Cybersecurity,Tenable,US,,Jason,Threat Intelligence Analyst,Feng,United States,,,www.tenable.com,8113899,0,0
xzwbh80et4084,Riko,Suzuki,IT Consulting & SI,Attended,vw5pr0qxeb7c5,HCL Technologies,IN,riko.suzuki@hcltech.com,"Solution Architect, Digital",3,IT Consulting & SI,HCL Technologies,IN,,Riko,"Solution Architect, Digital",Suzuki,India,,,www.hcltech.com,8219619,0,0
h3w6z6elcanrt,Pierre,Song,Hardware & Semiconductors,Attended,vlq74fcm56j61,Marvell Technology,US,pierre.song@marvell.com,"VP of Product, Silicon",2,Hardware & Semiconductors,Marvell Technology,US,,Pierre,"VP of Product, Silicon",Song,United States,,,www.marvell.com,7230587,0,0
tgvxkq5hhoi4k,Nora,Richardson,Cybersecurity,Attended,vbq08f1ih6lb3,SentinelOne,US,nora.richardson@sentinelone.com,Head of Information Security,2,Cybersecurity,SentinelOne,US,,Nora,Head of Information Security,Richardson,United States,,,www.sentinelone.com,8014201,0,0
0d6fwunibw1gi,Yan,Dlamini,Enterprise Software,Attended,vx5hy9lxl0ban,SAP,DE,yan.dlamini@sap.com,Customer Success Manager,3,Enterprise Software,SAP,DE,,Yan,Customer Success Manager,Dlamini,Germany,,,www.sap.com,8285056,0,0
lb8jod5jgk546,Reza,Sun,Enterprise Software,Attended,vd27z5q8p6u5p,Salesforce,US,reza.sun@salesforce.com,Senior Product Manager,2,Enterprise Software,Salesforce,US,,Reza,Senior Product Manager,Sun,United States,,,www.salesforce.com,8267359,0,0
k9ffy71knckon,Swati,Agarwal,Enterprise Software,Attended,vrhhkycq2ygyn,Salesforce,US,swati.agarwal@salesforce.com,Solutions Engineer,3,Enterprise Software,Salesforce,US,,Swati,Solutions Engineer,Agarwal,United States,,,www.salesforce.com,7474695,0,0
5sr5et3h7psxm,Mei,Hidayat,Enterprise Software,Attended,vdx52f7gfppsy,Workday,US,mei.hidayat@workday.com,Senior Product Manager,3,Enterprise Software,Workday,US,,Mei,Senior Product Manager,Hidayat,United States,,,www.workday.com,7202227,0,0
mncticeaae5ez,Rania,Jones,IT Consulting & SI,Attended,vfrxymm2798p7,TCS,IN,rania.jones@tcs.com,Agile Delivery Lead,4,IT Consulting & SI,TCS,IN,,Rania,Agile Delivery Lead,Jones,India,,,www.tcs.com,7802332,0,0
iv90h7jajltuv,Lucia,Cook,Enterprise Software,Attended,v67ht2ibtrvxo,Sprinklr,US,lucia.cook@sprinklr.com,Senior Product Manager,4,Enterprise Software,Sprinklr,US,,Lucia,Senior Product Manager,Cook,United States,,,www.sprinklr.com,8765904,0,0
blien3416ukln,Jennifer,Hughes,Enterprise Software,Attended,volba0x9a8f8b,SAP,DE,jennifer.hughes@sap.com,Director of Engineering,3,Enterprise Software,SAP,DE,,Jennifer,Director of Engineering,Hughes,Germany,,,www.sap.com,7016469,0,0
qmkt6h6ra0dqd,Ama,Zhu,Media/Press,Attended,v29q3t08alls5,Wired,US,ama.zhu@wired.com,Senior Correspondent,3,Media/Press,Wired,US,,Ama,Senior Correspondent,Zhu,United States,,,www.wired.com,8129069,0,0
5fddsy1zy6n78,Emma,Murphy,AI & Data,Attended,vjp289waym9q1,DataRobot,US,emma.murphy@datarobot.com,Principal ML Engineer,4,AI & Data,DataRobot,US,,Emma,Principal ML Engineer,Murphy,United States,,,www.datarobot.com,7544118,0,0
k1040vrssdvb2,Chloe,Iyer,IT Consulting & SI,No show,v6xnisosz0d3m,IBM Consulting,US,chloe.iyer@ibm.com,Agile Delivery Lead,0,IT Consulting & SI,IBM Consulting,US,,Chloe,Agile Delivery Lead,Iyer,United States,,,www.ibm.com,7580769,0,0
0lr3oozit4mm1,Franz,Gonzalez,Dev Tools & Platforms,Attended,v86zudnmopg8u,Sentry,US,franz.gonzalez@sentry.io,Solutions Engineer,3,Dev Tools & Platforms,Sentry,US,,Franz,Solutions Engineer,Gonzalez,United States,,,www.sentry.io,7613687,0,0
5jt3mt2md8w1s,Sofia,Xie,Cloud & Infrastructure,Attended,vagmlf2l9o98n,DigitalOcean,US,sofia.xie@digitalocean.com,Platform Engineer,2,Cloud & Infrastructure,DigitalOcean,US,,Sofia,Platform Engineer,Xie,United States,,,www.digitalocean.com,7365369,0,0
ixcijqn6c4w71,Astrid,Wu,Staff,Attended,v3qnvy4h03b27,TechForward Organising Committee,SG,astrid.wu@techforwardsummit.com,Event Operations Manager,2,Staff,TechForward Organising Committee,SG,,Astrid,Event Operations Manager,Wu,Singapore,,,www.techforwardsummit.com,8136058,0,0
qjqmfd2smd7kl,Anita,Peterson,Enterprise Software,Attended,v9intuo1r35g2,monday.com,IL,anita.peterson@monday.com,Senior Product Manager,3,Enterprise Software,monday.com,IL,,Anita,Senior Product Manager,Peterson,Israel,,,www.monday.com,8673077,0,0
ifji118l30pyn,Wolfgang,Dlamini,IT Consulting & SI,Attended,v1qi5j32m7fcg,Publicis Sapient,FR,wolfgang.dlamini@publicissapient.com,Technology Consultant,3,IT Consulting & SI,Publicis Sapient,FR,,Wolfgang,Technology Consultant,Dlamini,France,,,www.publicissapient.com,7798539,0,0
lw7y8aubpm9db,Rohit,White,Enterprise Software,Attended,veza9agulm5fq,Box,US,rohit.white@box.com,Staff Software Engineer,4,Enterprise Software,Box,US,,Rohit,Staff Software Engineer,White,United States,,,www.box.com,7407194,0,0
56rnckrpeqw6y,Ahmed,Hoffmann,Dev Tools & Platforms,Attended,vqef864bwx0s4,JFrog,US,ahmed.hoffmann@jfrog.com,Senior Developer Advocate,2,Dev Tools & Platforms,JFrog,US,,Ahmed,Senior Developer Advocate,Hoffmann,United States,,,www.jfrog.com,8874235,0,0
l8mdzfwqvalbn,Melissa,Deng,Dev Tools & Platforms,No show,va0236qk3qhad,GitHub,US,melissa.deng@github.com,Developer Advocate,0,Dev Tools & Platforms,GitHub,US,,Melissa,Developer Advocate,Deng,United States,,,www.github.com,8396714,0,0
4768tqw8do3px,Kento,Wijaya,Media/Press,Attended,v9kdqiut6hrcf,MIT Technology Review,US,kento.wijaya@technologyreview.com,Analyst & Commentator,4,Media/Press,MIT Technology Review,US,,Kento,Analyst & Commentator,Wijaya,United States,,,www.technologyreview.com,7259423,0,0
7ivqhxsipnaru,Min-Ji,Hansen,Enterprise Software,Attended,vr37921yk9xpf,ServiceNow,US,minji.hansen@servicenow.com,Chief Technology Officer,2,Enterprise Software,ServiceNow,US,,Min-Ji,Chief Technology Officer,Hansen,United States,,,www.servicenow.com,7199871,0,0
cs4bju8oxm9f4,Nicholas,Santos,Enterprise Software,Attended,voheun5a8xaej,Microsoft,US,nicholas.santos@microsoft.com,Customer Success Manager,1,Enterprise Software,Microsoft,US,,Nicholas,Customer Success Manager,Santos,United States,,,www.microsoft.com,7010537,0,0
lw78f6m1dalpb,Hye-Jin,Li,Enterprise Software,Attended,v01002goapadj,Zendesk,US,hyejin.li@zendesk.com,Senior Solutions Engineer,3,Enterprise Software,Zendesk,US,,Hye-Jin,Senior Solutions Engineer,Li,United States,,,www.zendesk.com,8656638,0,0
dt75mcayje8nf,Arjun,Gao,Media/Press,Attended,vraotwsj57zpq,Wired,US,arjun.gao@wired.com,Analyst & Commentator,3,Media/Press,Wired,US,,Arjun,Analyst & Commentator,Gao,United States,,,www.wired.com,8043872,0,0
q2efhazmiq5px,George,Zhou,Staff,Attended,vlgfwmvytsu2m,FieldDrive Events,BE,george.zhou@fielddrive.com,Registration & Badging Lead,4,Staff,FieldDrive Events,BE,,George,Registration & Badging Lead,Zhou,Belgium,,,www.fielddrive.com,8069535,0,0
uwowkzm925gzc,Camila,Chen,Cloud & Infrastructure,Attended,v2h6htnorre14,Snowflake,US,camila.chen@snowflake.com,Chief Technology Officer,3,Cloud & Infrastructure,Snowflake,US,,Camila,Chief Technology Officer,Chen,United States,,,www.snowflake.com,7371613,0,0
mz9k33t9lzx8u,Ahmed,Garcia,VC & Private Equity,Attended,vbes81de0rii5,Insight Partners,US,ahmed.garcia@insightpartners.com,General Partner,2,VC & Private Equity,Insight Partners,US,,Ahmed,General Partner,Garcia,United States,,,www.insightpartners.com,7632651,0,0
9ojwudrgtz6ql,Jean,Gao,Enterprise Software,Attended,v3e49yws3nc62,Microsoft,US,jean.gao@microsoft.com,Customer Success Manager,4,Enterprise Software,Microsoft,US,,Jean,Customer Success Manager,Gao,United States,,,www.microsoft.com,7597970,0,0
v333c2uudsqnc,Lars,Torres,IT Consulting & SI,Attended,vuyk2vfhd7wg1,Slalom,US,lars.torres@slalom.com,Managing Consultant,4,IT Consulting & SI,Slalom,US,,Lars,Managing Consultant,Torres,United States,,,www.slalom.com,7883856,0,0
0v4n5fic40n8m,Kento,Howard,Cybersecurity,Attended,vz51or4sda9w4,Tenable,US,kento.howard@tenable.com,Security Consultant,2,Cybersecurity,Tenable,US,,Kento,Security Consultant,Howard,United States,,,www.tenable.com,7930331,0,0
ps4inco8o9gf5,Isabelle,Brown,Dev Tools & Platforms,Attended,vrxe78d29f8px,GitHub,US,isabelle.brown@github.com,Developer Success Manager,4,Dev Tools & Platforms,GitHub,US,,Isabelle,Developer Success Manager,Brown,United States,,,www.github.com,7253783,0,0
knortlqbk2whz,Astrid,Jeong,Dev Tools & Platforms,No show,v3m21o5k3ckoh,LaunchDarkly,US,astrid.jeong@launchdarkly.com,Platform Product Manager,0,Dev Tools & Platforms,LaunchDarkly,US,,Astrid,Platform Product Manager,Jeong,United States,,,www.launchdarkly.com,7555655,0,0
ndjjo9nifmpeo,Matthew,Davies,Cybersecurity,Attended,vso1f15mr0vlk,Qualys,US,matthew.davies@qualys.com,CISO,3,Cybersecurity,Qualys,US,,Matthew,CISO,Davies,United States,,,www.qualys.com,7341272,0,0
lo4p0k9k20gvf,Shan,Scott,Dev Tools & Platforms,Attended,v74vmblcw0dpd,MuleSoft,US,shan.scott@mulesoft.com,VP of Developer Experience,3,Dev Tools & Platforms,MuleSoft,US,,Shan,VP of Developer Experience,Scott,United States,,,www.mulesoft.com,8130538,0,0
9rexpfsltj669,Charlotte,Zeng,Enterprise Software,Attended,vrea3y0xaobk0,Sprinklr,US,charlotte.zeng@sprinklr.com,VP of Sales,3,Enterprise Software,Sprinklr,US,,Charlotte,VP of Sales,Zeng,United States,,,www.sprinklr.com,7807684,0,0
tfbqonvw8sjbc,Haruto,Rogers,IT Consulting & SI,Attended,vcd4eoxiri47c,Capgemini,FR,haruto.rogers@capgemini.com,"Partner, Technology Practice",2,IT Consulting & SI,Capgemini,FR,,Haruto,"Partner, Technology Practice",Rogers,France,,,www.capgemini.com,7588295,0,0
wi4iuyd7rina0,Deepak,Hughes,Media/Press,Attended,vvlrrbaejz286,The Verge,US,deepak.hughes@theverge.com,Analyst & Commentator,2,Media/Press,The Verge,US,,Deepak,Analyst & Commentator,Hughes,United States,,,www.theverge.com,7459079,0,0
kcepgjsfoijoc,Nancy,Chatterjee,IT Consulting & SI,Attended,vvsgfgnmv3xyb,Capgemini,FR,nancy.chatterjee@capgemini.com,Technology Consultant,3,IT Consulting & SI,Capgemini,FR,,Nancy,Technology Consultant,Chatterjee,France,,,www.capgemini.com,7321262,0,0
ssx0bjckjco6m,Kento,Evans,VIP,Attended,vy4gwdshllshw,Salesforce,US,kento.evans@salesforce.com,Chief Product Officer,4,VIP,Salesforce,US,,Kento,Chief Product Officer,Evans,United States,,VIP,www.salesforce.com,8984421,0,0
s66ke6zadotiw,Takashi,Das,Cybersecurity,Attended,vtlinj1q3q5pc,Tenable,US,takashi.das@tenable.com,Security Architect,3,Cybersecurity,Tenable,US,,Takashi,Security Architect,Das,United States,,,www.tenable.com,7696627,0,0
zhxdo3gtxyz8a,Steven,Toh,AI & Data,Attended,vkv3udlwrflvr,Databricks,US,steven.toh@databricks.com,Data Engineer,3,AI & Data,Databricks,US,,Steven,Data Engineer,Toh,United States,,,www.databricks.com,8089441,0,0
jqrwygs8o79vr,Fazilah,Cook,Cloud & Infrastructure,Attended,vjo59vryr260q,DigitalOcean,US,fazilah.cook@digitalocean.com,Senior Site Reliability Engineer,1,Cloud & Infrastructure,DigitalOcean,US,,Fazilah,Senior Site Reliability Engineer,Cook,United States,,,www.digitalocean.com,7804505,0,0
o8hbf5jcdz93i,Haruto,Webb,Enterprise Software,Attended,v36de5jamslsl,Box,US,haruto.webb@box.com,Senior Product Manager,3,Enterprise Software,Box,US,,Haruto,Senior Product Manager,Webb,United States,,,www.box.com,8468204,0,0
gpnnhn6ofqyeo,Ana,Nelson,AI & Data,Attended,vi3qijtwv1mm9,Together AI,US,ana.nelson@together.ai,Senior Data Scientist,3,AI & Data,Together AI,US,,Ana,Senior Data Scientist,Nelson,United States,,,www.together.ai,7724394,0,0
jpmkrq2yvmza5,Barbara,Goh,Cybersecurity,Attended,vw8vloyhdowm2,Palo Alto Networks,US,barbara.goh@paloaltonetworks.com,SOC Analyst,3,Cybersecurity,Palo Alto Networks,US,,Barbara,SOC Analyst,Goh,United States,,,www.paloaltonetworks.com,8842440,0,0
l6dtxljk85jyy,Yusuf,Pandey,VC & Private Equity,Attended,vfk31avpm6dys,Bessemer Venture Partners,US,yusuf.pandey@bvp.com,Investment Director,4,VC & Private Equity,Bessemer Venture Partners,US,,Yusuf,Investment Director,Pandey,United States,,,www.bvp.com,7938508,0,0
pdu3nm0sxfc5z,Jessica,Gao,Enterprise Software,Attended,v5l9hgmtvppfn,Atlassian,AU,jessica.gao@sap.com,Engineering Manager,3,Enterprise Software,Atlassian,AU,,Jessica,Engineering Manager,Gao,Australia,,,www.atlassian.com,8925417,0,0
7kzb5fw1duhbx,Hong,Huang,IT Consulting & SI,Attended,v6adlor2tyzc5,Accenture,IE,hong.huang@accenture.com,Technology Consultant,2,IT Consulting & SI,Accenture,IE,,Hong,Technology Consultant,Huang,Ireland,,,www.accenture.com,7461531,0,0
tsiquo2xqz21x,Robert,Thompson,IT Consulting & SI,Attended,vg77flv7ejm1r,Wipro,IN,robert.thompson@wipro.com,Associate Director,2,IT Consulting & SI,Wipro,IN,,Robert,Associate Director,Thompson,India,,,www.wipro.com,8493732,0,0
c1puvd3xak74f,Carmen,Adams,Enterprise Software,Attended,v5zqs1bhlf80h,ServiceNow,US,carmen.adams@servicenow.com,Engineering Manager,4,Enterprise Software,ServiceNow,US,,Carmen,Engineering Manager,Adams,United States,,,www.servicenow.com,7045649,0,0
8xqky9kvgcpm5,Kevin,Nielsen,VC & Private Equity,No show,vf505oj38ayix,Sequoia Capital,US,kevin.nielsen@sequoiacap.com,General Partner,0,VC & Private Equity,Sequoia Capital,US,,Kevin,General Partner,Nielsen,United States,,,www.sequoiacap.com,8336766,0,0
0332w04nxv50o,Akiko,Mishra,Cloud & Infrastructure,No show,vt1k8hcd1sd44,Amazon Web Services,US,akiko.mishra@aws.amazon.com,Chief Technology Officer,0,Cloud & Infrastructure,Amazon Web Services,US,,Akiko,Chief Technology Officer,Mishra,United States,,,www.aws.amazon.com,7520546,0,0
w50lmbvsqoi2j,Ren,Banerjee,IT Consulting & SI,Attended,vvzhoyykczf2t,Deloitte Technology,US,ren.banerjee@deloitte.com,Technology Consultant,3,IT Consulting & SI,Deloitte Technology,US,,Ren,Technology Consultant,Banerjee,United States,,,www.deloitte.com,8756377,0,0
n57ple0ewrjiw,David,Schulz,Enterprise Software,No show,vml12p5wpvi06,Zendesk,US,david.schulz@zendesk.com,Director of Engineering,0,Enterprise Software,Zendesk,US,,David,Director of Engineering,Schulz,United States,,,www.zendesk.com,7522002,0,0
x1i5482q78e5s,Thomas,Kumar,Hardware & Semiconductors,Attended,vfe0x7h2cpcc3,TSMC,TW,thomas.kumar@tsmc.com,Senior Chip Design Engineer,1,Hardware & Semiconductors,TSMC,TW,,Thomas,Senior Chip Design Engineer,Kumar,Taiwan,,,www.tsmc.com,7123606,0,0
g1nat0a573hxb,Rachel,Yamamoto,Cybersecurity,No show,v8b6j393oxesp,Wiz,US,rachel.yamamoto@wiz.io,Security Sales Engineer,0,Cybersecurity,Wiz,US,,Rachel,Security Sales Engineer,Yamamoto,United States,,,www.wiz.io,8772567,0,0
3a1iopra5a5pm,Jae-Won,Dey,VC & Private Equity,Attended,vlqhdlqh1cv2x,Andreessen Horowitz,US,jaewon.dey@a16z.com,Venture Associate,1,VC & Private Equity,Andreessen Horowitz,US,,Jae-Won,Venture Associate,Dey,United States,,,www.a16z.com,7285995,0,0
lonkcp8ov5nwv,Tendai,Loh,IT Consulting & SI,No show,vsjjcaxod97qq,Publicis Sapient,FR,tendai.loh@publicissapient.com,Technology Consultant,0,IT Consulting & SI,Publicis Sapient,FR,,Tendai,Technology Consultant,Loh,France,,,www.publicissapient.com,8993106,0,0
0z87wg8v961y2,Thomas,Gonzalez,IT Consulting & SI,Attended,vx6mspzpdyj49,Cognizant,US,thomas.gonzalez@cognizant.com,Senior Technology Consultant,2,IT Consulting & SI,Cognizant,US,,Thomas,Senior Technology Consultant,Gonzalez,United States,,,www.cognizant.com,8592227,0,0
iw5xnqdz98jhe,Fatimah,Choi,Staff,No show,v17o7pnud53qe,TechForward Organising Committee,SG,fatimah.choi@techforwardsummit.com,Technical Support Specialist,0,Staff,TechForward Organising Committee,SG,,Fatimah,Technical Support Specialist,Choi,Singapore,,,www.techforwardsummit.com,7136212,0,0
trjklumcmh7lm,Dorothy,Evans,IT Consulting & SI,Attended,v2lw7zrtqj8cw,HCL Technologies,IN,dorothy.evans@hcltech.com,Technology Consultant,4,IT Consulting & SI,HCL Technologies,IN,,Dorothy,Technology Consultant,Evans,India,,,www.hcltech.com,8369979,0,0
88pkwtzv4ty9y,Dorothy,Rahman,Cybersecurity,Attended,vkrz1y3n0mwfs,Snyk,GB,dorothy.rahman@snyk.io,Senior Security Engineer,2,Cybersecurity,Snyk,GB,,Dorothy,Senior Security Engineer,Rahman,United Kingdom,,,www.snyk.io,8187504,0,0
8q7qrerika7lx,Paul,Iyer,Cloud & Infrastructure,Attended,vx08dw54i3o6g,Amazon Web Services,US,paul.iyer@aws.amazon.com,Platform Engineer,3,Cloud & Infrastructure,Amazon Web Services,US,,Paul,Platform Engineer,Iyer,United States,,,www.aws.amazon.com,8867726,0,0
xb7giorfzcp83,Kavita,Young,Cloud & Infrastructure,Attended,vjuwliuvj40y5,DigitalOcean,US,kavita.young@digitalocean.com,Platform Engineer,3,Cloud & Infrastructure,DigitalOcean,US,,Kavita,Platform Engineer,Young,United States,,,www.digitalocean.com,8427617,0,0
d3scpq4rv923u,Hao,Patel,IT Consulting & SI,Attended,vv15cf89lpbs1,Slalom,US,hao.patel@slalom.com,Technology Consultant,3,IT Consulting & SI,Slalom,US,,Hao,Technology Consultant,Patel,United States,,,www.slalom.com,7491330,0,0
nxydc14zsexe0,Walter,Xu,Speaker,Attended,vof37fd3mwg24,Stanford School of Engineering,US,walter.xu@stanford.edu,Distinguished Engineer,3,Speaker,Stanford School of Engineering,US,,Walter,Distinguished Engineer,Xu,United States,,Speaker,www.stanford.edu,7107399,0,0
ztt7f1up4phfa,Barbara,Durand,AI & Data,No show,vxi1s9npaxuzm,LangChain,US,barbara.durand@langchain.com,Senior Data Scientist,0,AI & Data,LangChain,US,,Barbara,Senior Data Scientist,Durand,United States,,,www.langchain.com,8789845,0,0
3tkqvxcrlgfr1,Khalid,Johnson,Enterprise Software,Attended,v6wu19lf2oj58,Salesforce,US,khalid.johnson@salesforce.com,"Account Executive, Enterprise",3,Enterprise Software,Salesforce,US,,Khalid,"Account Executive, Enterprise",Johnson,United States,,,www.salesforce.com,8997164,0,0
c2fvfa2n1l9gf,Andrew,Srivastava,AI & Data,Attended,vvnd9y7u6ua2y,H2O.ai,US,andrew.srivastava@h2o.ai,VP of Data & Analytics,4,AI & Data,H2O.ai,US,,Andrew,VP of Data & Analytics,Srivastava,United States,,,www.h2o.ai,7525966,0,0
r5y52pdi47kah,Peter,Anderson,Enterprise Software,Attended,v8oxenq7jbx9k,Oracle,US,peter.anderson@oracle.com,Chief Technology Officer,3,Enterprise Software,Oracle,US,,Peter,Chief Technology Officer,Anderson,United States,,,www.oracle.com,8293596,0,0
1kxgjw2wzoiv1,Robert,Teo,VC & Private Equity,Attended,v0jh6zaz505t0,Accel,US,robert.teo@accel.com,General Partner,3,VC & Private Equity,Accel,US,,Robert,General Partner,Teo,United States,,,www.accel.com,7269341,0,0
lh913sd09oym3,Abena,Young,Dev Tools & Platforms,Attended,vmulob777ih0f,Twilio,US,abena.young@twilio.com,Community Manager,3,Dev Tools & Platforms,Twilio,US,,Abena,Community Manager,Young,United States,,,www.twilio.com,7755088,0,0
87h0posqf4tii,Timothy,Moore,AI & Data,Attended,vnjv5s1hhw9in,Weights & Biases,US,timothy.moore@wandb.ai,Senior Data Scientist,2,AI & Data,Weights & Biases,US,,Timothy,Senior Data Scientist,Moore,United States,,,www.wandb.ai,7000833,0,0
25n8l6vtu9fgz,Kai,Yamamoto,Cloud & Infrastructure,Attended,vv6su1lqxt229,Confluent,US,kai.yamamoto@confluent.io,Principal Solutions Architect,1,Cloud & Infrastructure,Confluent,US,,Kai,Principal Solutions Architect,Yamamoto,United States,,,www.confluent.io,7764877,0,0
piagwkr37h4ky,Sofia,Zheng,Cloud & Infrastructure,Attended,vmhvkcxallssf,Cloudflare,US,sofia.zheng@cloudflare.com,DevOps Engineer,1,Cloud & Infrastructure,Cloudflare,US,,Sofia,DevOps Engineer,Zheng,United States,,,www.cloudflare.com,8245348,0,0
saj7srgfg46k9,Mei,Hoffmann,Cybersecurity,Attended,vy8pzeks48mqv,CrowdStrike,US,mei.hoffmann@crowdstrike.com,Security Architect,2,Cybersecurity,CrowdStrike,US,,Mei,Security Architect,Hoffmann,United States,,,www.crowdstrike.com,7652498,0,0
8yswv20k9jx42,Michael,Zhu,IT Consulting & SI,Attended,veh0qbvrpagtg,Capgemini,FR,michael.zhu@capgemini.com,Technology Consultant,3,IT Consulting & SI,Capgemini,FR,,Michael,Technology Consultant,Zhu,France,,,www.capgemini.com,8558228,0,0
z3rj4biohk0ve,Lars,Stewart,Dev Tools & Platforms,Attended,vyd5mlgmxzzxh,LaunchDarkly,US,lars.stewart@launchdarkly.com,Head of Developer Relations,4,Dev Tools & Platforms,LaunchDarkly,US,,Lars,Head of Developer Relations,Stewart,United States,,,www.launchdarkly.com,8008551,0,0
8th1pqua2f9to,Deborah,Kumar,IT Consulting & SI,Attended,v0wzn4xj765va,Thoughtworks,US,deborah.kumar@thoughtworks.com,Technology Consultant,2,IT Consulting & SI,Thoughtworks,US,,Deborah,Technology Consultant,Kumar,United States,,,www.thoughtworks.com,7095358,0,0
g1npxi9bf1n97,Jessica,Simon,Enterprise Software,Attended,vnfnt06rla810,Freshworks,IN,jessica.simon@freshworks.com,Engineering Manager,3,Enterprise Software,Freshworks,IN,,Jessica,Engineering Manager,Simon,India,,,www.freshworks.com,8859987,0,0
jb90c03v1npcy,Walter,Sim,IT Consulting & SI,Attended,vvu049dd5s0q7,Accenture,IE,walter.sim@accenture.com,"Solution Architect, Digital",1,IT Consulting & SI,Accenture,IE,,Walter,"Solution Architect, Digital",Sim,Ireland,,,www.accenture.com,7462656,0,0
5ostmg345k5dj,Yasmin,Koh,Cybersecurity,Attended,v3rzql0h5qqjv,Rapid7,US,yasmin.koh@rapid7.com,Security Architect,2,Cybersecurity,Rapid7,US,,Yasmin,Security Architect,Koh,United States,,,www.rapid7.com,7688615,0,0
e2apzl90k3rf7,Zhen,Kapoor,AI & Data,Attended,v6pk90jez4uig,NVIDIA,US,zhen.kapoor@nvidia.com,Head of Data Science,1,AI & Data,NVIDIA,US,,Zhen,Head of Data Science,Kapoor,United States,,,www.nvidia.com,7533123,0,0
dyywzl0ozt4lh,Ali,Allen,Cybersecurity,Attended,v19l8oexntjw3,Lacework,US,ali.allen@lacework.com,VP of Security,3,Cybersecurity,Lacework,US,,Ali,VP of Security,Allen,United States,,,www.lacework.com,8542718,0,0
5d0mysf699pap,Christine,Bose,AI & Data,Attended,vkrvocsqou966,LangChain,US,christine.bose@langchain.com,Applied Research Scientist,2,AI & Data,LangChain,US,,Christine,Applied Research Scientist,Bose,United States,,,www.langchain.com,8393527,0,0
8xaz8j2p7rn3j,Nicholas,Murphy,AI & Data,Attended,v0qzokpviddy0,Palantir Technologies,US,nicholas.murphy@palantir.com,Research Scientist,3,AI & Data,Palantir Technologies,US,,Nicholas,Research Scientist,Murphy,United States,,,www.palantir.com,8769779,0,0
b958804xxu4yq,Helen,Hassan,Enterprise Software,No show,v5tdfgj7nrsko,HubSpot,US,helen.hassan@hubspot.com,Customer Success Manager,0,Enterprise Software,HubSpot,US,,Helen,Customer Success Manager,Hassan,United States,,,www.hubspot.com,7911365,0,0
kgyr58mx4yqq1,Wei,Thomas,VC & Private Equity,Attended,v4267yurnzp1o,Andreessen Horowitz,US,wei.thomas@a16z.com,Venture Associate,3,VC & Private Equity,Andreessen Horowitz,US,,Wei,Venture Associate,Thomas,United States,,,www.a16z.com,7420149,0,0
qxmqo0fvlc254,Tendai,Torres,Cybersecurity,Attended,vzh0qa1lszkzn,Okta,US,tendai.torres@okta.com,SOC Analyst,4,Cybersecurity,Okta,US,,Tendai,SOC Analyst,Torres,United States,,,www.okta.com,7826938,0,0
eg4ohpn9fdlr8,Helen,Parker,IT Consulting & SI,Attended,vz101jd1bje9x,TCS,IN,helen.parker@tcs.com,Technology Consultant,3,IT Consulting & SI,TCS,IN,,Helen,Technology Consultant,Parker,India,,,www.tcs.com,7291001,0,0
2bga7scpav7qa,Hans,Leroy,Cybersecurity,Attended,v80ehapwpxs2l,Tenable,US,hans.leroy@tenable.com,VP of Security,1,Cybersecurity,Tenable,US,,Hans,VP of Security,Leroy,United States,,,www.tenable.com,8174915,0,0
nzfzunq2w9zl5,George,Zheng,VC & Private Equity,Attended,vy31k88no1rbn,Sequoia Capital,US,george.zheng@a16z.com,Venture Associate,4,VC & Private Equity,Sequoia Capital,US,,George,Venture Associate,Zheng,United States,,,www.sequoiacap.com,8000534,0,0
xbcwsbah6tc45,Hans,Larsen,AI & Data,Attended,vpi2so0dmjpai,NVIDIA,US,hans.larsen@nvidia.com,Head of Data Science,4,AI & Data,NVIDIA,US,,Hans,Head of Data Science,Larsen,United States,,,www.nvidia.com,8698371,0,0
54t59pgn3s2w1,Daniel,Choi,Dev Tools & Platforms,Attended,vixu1oubnlma4,GitHub,US,daniel.choi@github.com,Platform Product Manager,2,Dev Tools & Platforms,GitHub,US,,Daniel,Platform Product Manager,Choi,United States,,,www.github.com,7643530,0,0
e3ppmblc09e0v,Miho,White,VC & Private Equity,Attended,vivii81n0gjof,Bessemer Venture Partners,US,miho.white@bvp.com,Venture Associate,3,VC & Private Equity,Bessemer Venture Partners,US,,Miho,Venture Associate,White,United States,,,www.bvp.com,8302313,0,0
gdd0dilxn48lb,Steven,Lee,AI & Data,Attended,vclapdz6w5owk,Together AI,US,steven.lee@together.ai,Data Engineer,3,AI & Data,Together AI,US,,Steven,Data Engineer,Lee,United States,,,www.together.ai,7386862,0,0
olf63ya2kylj1,Jonathan,Oh,Enterprise Software,Attended,vj2pemklmdh3p,Salesforce,US,jonathan.oh@salesforce.com,"Account Executive, Enterprise",3,Enterprise Software,Salesforce,US,,Jonathan,"Account Executive, Enterprise",Oh,United States,,,www.salesforce.com,7591838,0,0
86080yapig8of,Noah,Bailey,VC & Private Equity,Attended,vsmnawy0peqlv,Sequoia Capital,US,noah.bailey@sequoiacap.com,Principal,3,VC & Private Equity,Sequoia Capital,US,,Noah,Principal,Bailey,United States,,,www.sequoiacap.com,7550923,0,0
8ocvf34ei2brs,Mateus,Rahman,Enterprise Software,No show,vv43056m00l87,Workday,US,mateus.rahman@workday.com,Engineering Manager,0,Enterprise Software,Workday,US,,Mateus,Engineering Manager,Rahman,United States,,,www.workday.com,8307413,0,0
lgh6h7l8qyyrh,Valentina,Patel,Enterprise Software,Attended,v62e21trbxazv,Oracle,US,valentina.patel@oracle.com,Chief Product Officer,2,Enterprise Software,Oracle,US,,Valentina,Chief Product Officer,Patel,United States,,,www.oracle.com,7422114,0,0
7e5rxrmjoppri,Hong,Wang,Cloud & Infrastructure,Attended,vludqd6od6ih1,Elastic,NL,hong.wang@elastic.co,Head of Developer Relations,4,Cloud & Infrastructure,Elastic,NL,,Hong,Head of Developer Relations,Wang,Netherlands,,,www.elastic.co,7348266,0,0
5wsevi9v9j2fu,Sofia,Zheng,VC & Private Equity,Attended,vw48xlpoy22cm,Insight Partners,US,sofia.zheng@insightpartners.com,Partner,3,VC & Private Equity,Insight Partners,US,,Sofia,Partner,Zheng,United States,,,www.insightpartners.com,7095142,0,0
lyimoes1ai9a4,Hao,Bianchi,IT Consulting & SI,Attended,v4yzlxoecm785,Capgemini,FR,hao.bianchi@capgemini.com,Senior Technology Consultant,3,IT Consulting & SI,Capgemini,FR,,Hao,Senior Technology Consultant,Bianchi,France,,,www.capgemini.com,8279144,0,0
btl97p7dflrf3,Anita,Nakamura,Enterprise Software,Attended,vtf14fruxtnxj,SAP,DE,anita.nakamura@sap.com,"Account Executive, Enterprise",4,Enterprise Software,SAP,DE,,Anita,"Account Executive, Enterprise",Nakamura,Germany,,,www.sap.com,8676033,0,0
go2ype4cwsjb4,Alejandro,Suzuki,Enterprise Software,Attended,vlvcrfmksliz6,Atlassian,AU,alejandro.suzuki@atlassian.com,"Account Executive, Enterprise",3,Enterprise Software,Atlassian,AU,,Alejandro,"Account Executive, Enterprise",Suzuki,Australia,,,www.atlassian.com,7674903,0,0
qsr7sh2c23u2g,Nancy,Gonzalez,Dev Tools & Platforms,Attended,v3rxokpi1tsqa,GitHub,US,nancy.gonzalez@github.com,Senior Developer Advocate,2,Dev Tools & Platforms,GitHub,US,,Nancy,Senior Developer Advocate,Gonzalez,United States,,,www.github.com,7191116,0,0
i7ekvzarhdvus,Klaus,Pham,Dev Tools & Platforms,Attended,vpqyasyinpfgo,GitHub,US,klaus.pham@github.com,Head of Developer Relations,3,Dev Tools & Platforms,GitHub,US,,Klaus,Head of Developer Relations,Pham,United States,,,www.github.com,8170191,0,0
tcfhd82p5ejrs,Lucas,Goh,Dev Tools & Platforms,Attended,vbblbadkel21a,Postman,US,lucas.goh@postman.com,Platform Product Manager,2,Dev Tools & Platforms,Postman,US,,Lucas,Platform Product Manager,Goh,United States,,,www.postman.com,7659187,0,0
3hbtth9krqwb9,Hassan,Bell,Hardware & Semiconductors,Attended,vslo9nlupya8w,Intel,US,hassan.bell@intel.com,Senior Chip Design Engineer,3,Hardware & Semiconductors,Intel,US,,Hassan,Senior Chip Design Engineer,Bell,United States,,,www.intel.com,7653184,0,0
cfz61i3eyj5q0,Astrid,Walker,IT Consulting & SI,Attended,vs9ajygzcuj1u,Infosys,IN,astrid.walker@infosys.com,Data & AI Practice Lead,1,IT Consulting & SI,Infosys,IN,,Astrid,Data & AI Practice Lead,Walker,India,,,www.infosys.com,8547521,0,0
on8pvwjazq4x5,Laura,Bose,Enterprise Software,Attended,v5pb4w6c8hs28,Freshworks,IN,laura.bose@atlassian.com,Engineering Manager,3,Enterprise Software,Freshworks,IN,,Laura,Engineering Manager,Bose,India,,,www.freshworks.com,8831344,0,0
7l6x2oz2imb30,Swati,Bailey,Cloud & Infrastructure,Attended,vjguc3tglqkbe,Supabase,US,swati.bailey@cloud.google.com,Chief Technology Officer,3,Cloud & Infrastructure,Supabase,US,,Swati,Chief Technology Officer,Bailey,United States,,,www.supabase.com,8749837,0,0
bka8v0igbv7u2,Cynthia,Brown,AI & Data,Attended,vaja7hawqduil,Together AI,US,cynthia.brown@together.ai,Applied Research Scientist,2,AI & Data,Together AI,US,,Cynthia,Applied Research Scientist,Brown,United States,,,www.together.ai,8204950,0,0
7uj4fqksd7gdp,Anthony,Ferrari,Enterprise Software,Attended,v9ii37y3d2fnc,Microsoft,US,anthony.ferrari@microsoft.com,VP of Product,1,Enterprise Software,Microsoft,US,,Anthony,VP of Product,Ferrari,United States,,,www.microsoft.com,7244329,0,0
gyxkqn8oy7gnj,Richard,Evans,IT Consulting & SI,Attended,vz2ho7dug8pok,EY Technology,GB,richard.evans@ey.com,Senior Technology Consultant,1,IT Consulting & SI,EY Technology,GB,,Richard,Senior Technology Consultant,Evans,United Kingdom,,,www.ey.com,7544141,0,0
cus2e6xdmr7bj,Sipho,Kobayashi,VC & Private Equity,Attended,vn7c41q6l4jdg,Bessemer Venture Partners,US,sipho.kobayashi@bvp.com,Principal,4,VC & Private Equity,Bessemer Venture Partners,US,,Sipho,Principal,Kobayashi,United States,,,www.bvp.com,7859282,0,0
s5wj0vsghjucf,David,Song,AI & Data,No show,vhh54s47euaq3,Palantir Technologies,US,david.song@palantir.com,Data Engineer,0,AI & Data,Palantir Technologies,US,,David,Data Engineer,Song,United States,,,www.palantir.com,8366136,0,0
pjn22y4lgqtcd,Barbara,Ho,Dev Tools & Platforms,Attended,v21w2kjnvfom3,Sentry,US,barbara.ho@sentry.io,Developer Advocate,3,Dev Tools & Platforms,Sentry,US,,Barbara,Developer Advocate,Ho,United States,,,www.sentry.io,8134399,0,0
1dvvh6sd4h4zx,Angela,Watanabe,Enterprise Software,Attended,v5bt8zeh3rprg,Freshworks,IN,angela.watanabe@freshworks.com,Senior Product Manager,3,Enterprise Software,Freshworks,IN,,Angela,Senior Product Manager,Watanabe,India,,,www.freshworks.com,8982765,0,0
kqhj9zu0f5e47,Ethan,Yap,IT Consulting & SI,Attended,vrhow59q7s44z,Accenture,IE,ethan.yap@accenture.com,"Solution Architect, Digital",3,IT Consulting & SI,Accenture,IE,,Ethan,"Solution Architect, Digital",Yap,Ireland,,,www.accenture.com,7367109,0,0
yapnrrvxjvxgl,Miho,Gray,IT Consulting & SI,Attended,v1qgouo8zd0lq,Wipro,IN,miho.gray@wipro.com,Data & AI Practice Lead,3,IT Consulting & SI,Wipro,IN,,Miho,Data & AI Practice Lead,Gray,India,,,www.wipro.com,7833089,0,0
422kkwfapg0jg,Melissa,Park,IT Consulting & SI,Attended,v3ytiihn70n6j,Wipro,IN,melissa.park@wipro.com,Technology Consultant,2,IT Consulting & SI,Wipro,IN,,Melissa,Technology Consultant,Park,India,,,www.wipro.com,7047239,0,0
q1m0cu2tf1uf3,Patricia,Ong,AI & Data,Attended,vg86c2gs4ye45,Cohere,CA,patricia.ong@cohere.com,Senior Data Scientist,3,AI & Data,Cohere,CA,,Patricia,Senior Data Scientist,Ong,Canada,,,www.cohere.com,7174791,0,0
z4jka0j2nbi5e,Fazilah,Zeng,AI & Data,Attended,v0l1q9rvsf0s6,Weaviate,NL,fazilah.zeng@weaviate.io,AI/ML Platform Lead,4,AI & Data,Weaviate,NL,,Fazilah,AI/ML Platform Lead,Zeng,Netherlands,,,www.weaviate.io,8718333,0,0
d1otxs3fewsm9,Babatunde,Scott,IT Consulting & SI,Attended,v1kqzjqamzc39,Deloitte Technology,US,babatunde.scott@deloitte.com,Technology Consultant,4,IT Consulting & SI,Deloitte Technology,US,,Babatunde,Technology Consultant,Scott,United States,,,www.deloitte.com,7443395,0,0
402nmsikji92x,Michael,Trivedi,Enterprise Software,Attended,vpi865eo9w6ya,Atlassian,AU,michael.trivedi@atlassian.com,Solutions Engineer,2,Enterprise Software,Atlassian,AU,,Michael,Solutions Engineer,Trivedi,Australia,,,www.atlassian.com,7073964,0,0
tgu8tl777k1d8,Miguel,Hidayat,Speaker,Attended,vnruu8f855mdt,ETH Zurich,CH,miguel.hidayat@ethz.ch,Professor of Computer Science,4,Speaker,ETH Zurich,CH,,Miguel,Professor of Computer Science,Hidayat,Switzerland,,Speaker,www.ethz.ch,8995698,0,0
bkk2bilnpt95x,Xiao,Conti,Dev Tools & Platforms,Attended,vj3y1xc2i92pv,MuleSoft,US,xiao.conti@mulesoft.com,Developer Success Manager,4,Dev Tools & Platforms,MuleSoft,US,,Xiao,Developer Success Manager,Conti,United States,,,www.mulesoft.com,8555233,0,0
1gafunh7i3wyy,Eric,Arora,IT Consulting & SI,Attended,vkatcrgevpg4g,NTT Data,JP,eric.arora@nttdata.com,Data & AI Practice Lead,1,IT Consulting & SI,NTT Data,JP,,Eric,Data & AI Practice Lead,Arora,Japan,,,www.nttdata.com,8908286,0,0
b818y8f881en6,Mateus,Trivedi,Enterprise Software,Attended,v99fia2qsu2ei,Freshworks,IN,mateus.trivedi@freshworks.com,Customer Success Manager,2,Enterprise Software,Freshworks,IN,,Mateus,Customer Success Manager,Trivedi,India,,,www.freshworks.com,7713337,0,0
8bqzacgbvqced,Yan,Banerjee,IT Consulting & SI,Attended,vniqb7r77iu31,Capgemini,FR,yan.banerjee@capgemini.com,Director of Technology,2,IT Consulting & SI,Capgemini,FR,,Yan,Director of Technology,Banerjee,France,,,www.capgemini.com,8495562,0,0
qzj9yr33ikuzu,Seo-Yeon,Iyer,IT Consulting & SI,No show,v9sh7n1bqg3dc,Deloitte Technology,US,seoyeon.iyer@deloitte.com,Senior Technology Consultant,0,IT Consulting & SI,Deloitte Technology,US,,Seo-Yeon,Senior Technology Consultant,Iyer,United States,,,www.deloitte.com,8430250,0,0
mre2u7fmkgzby,Jun,Perez,IT Consulting & SI,Attended,vs7xzfwsankb2,Slalom,US,jun.perez@slalom.com,Technology Consultant,4,IT Consulting & SI,Slalom,US,,Jun,Technology Consultant,Perez,United States,,,www.slalom.com,8888794,0,0
tqcz1lk4ktcm2,Mark,Tang,IT Consulting & SI,Attended,vvss666cevpou,Deloitte Technology,US,mark.tang@deloitte.com,Technology Consultant,4,IT Consulting & SI,Deloitte Technology,US,,Mark,Technology Consultant,Tang,United States,,,www.deloitte.com,7309581,0,0
3nq6fxypaydzz,Hana,Cox,IT Consulting & SI,Attended,vb3ocjz5qde2y,Deloitte Technology,US,hana.cox@deloitte.com,Managing Consultant,3,IT Consulting & SI,Deloitte Technology,US,,Hana,Managing Consultant,Cox,United States,,,www.deloitte.com,8928942,0,0
owp473ozrblh7,Jennifer,Santoso,Hardware & Semiconductors,Attended,v4kudyz3mqwy2,Qualcomm,US,jennifer.santoso@qualcomm.com,Principal VLSI Engineer,2,Hardware & Semiconductors,Qualcomm,US,,Jennifer,Principal VLSI Engineer,Santoso,United States,,,www.qualcomm.com,7626300,0,0
tkyxadhiyuhwy,Rohit,Cook,Hardware & Semiconductors,Attended,vqanns5qmlcli,TSMC,TW,rohit.cook@tsmc.com,System Architecture Engineer,2,Hardware & Semiconductors,TSMC,TW,,Rohit,System Architecture Engineer,Cook,Taiwan,,,www.tsmc.com,8952669,0,0
2atxab0g3yvol,Charles,Davis,Staff,Attended,vllmju1bzqw29,FieldDrive Events,BE,charles.davis@fielddrive.com,Conference Coordinator,2,Staff,FieldDrive Events,BE,,Charles,Conference Coordinator,Davis,Belgium,,,www.fielddrive.com,7901699,0,0
s0zbtbop51v9n,Kwame,Parker,IT Consulting & SI,No show,vxmkto6jru7ns,LTIMindtree,IN,kwame.parker@ltimindtree.com,Technology Consultant,0,IT Consulting & SI,LTIMindtree,IN,,Kwame,Technology Consultant,Parker,India,,,www.ltimindtree.com,8030071,0,0
jnctftt7ija6m,Dewi,Campbell,Cloud & Infrastructure,Attended,vih6spgy5a9u1,MongoDB,US,dewi.campbell@mongodb.com,Senior Site Reliability Engineer,1,Cloud & Infrastructure,MongoDB,US,,Dewi,Senior Site Reliability Engineer,Campbell,United States,,,www.mongodb.com,8074518,0,0
5ip65plld5obq,Juan,Loh,Hardware & Semiconductors,Attended,v2sa12mesq790,MediaTek,TW,juan.loh@mediatek.com,Chief Technology Officer,4,Hardware & Semiconductors,MediaTek,TW,,Juan,Chief Technology Officer,Loh,Taiwan,,,www.mediatek.com,7911568,0,0
2nk7hlcnptt3m,Daiki,Gupta,Media/Press,Attended,v5h0jhk0i7mtp,TechCrunch,US,daiki.gupta@techcrunch.com,Tech Reporter,2,Media/Press,TechCrunch,US,,Daiki,Tech Reporter,Gupta,United States,,,www.techcrunch.com,7783436,0,0
awcud3i2iwmc0,Melissa,Verma,Enterprise Software,Attended,v7lblwvf36zpi,HubSpot,US,melissa.verma@hubspot.com,Head of Growth,2,Enterprise Software,HubSpot,US,,Melissa,Head of Growth,Verma,United States,,,www.hubspot.com,8802925,0,0
ec5udotuqajel,Miho,Yap,IT Consulting & SI,Attended,vivwoe58oagp0,Deloitte Technology,US,miho.yap@deloitte.com,"Partner, Technology Practice",4,IT Consulting & SI,Deloitte Technology,US,,Miho,"Partner, Technology Practice",Yap,United States,,,www.deloitte.com,7605217,0,0
rg7qsodmx0rdt,Sakura,Xu,Enterprise Software,Attended,v5nhxf4t8ma10,Box,US,sakura.xu@box.com,Engineering Manager,3,Enterprise Software,Box,US,,Sakura,Engineering Manager,Xu,United States,,,www.box.com,8167197,0,0
1r9y7n17lzg3r,Amy,Johnson,Hardware & Semiconductors,Attended,vbei13hesh3pf,Qualcomm,US,amy.johnson@qualcomm.com,"VP of Product, Silicon",4,Hardware & Semiconductors,Qualcomm,US,,Amy,"VP of Product, Silicon",Johnson,United States,,,www.qualcomm.com,8882411,0,0
kaewf8kpqpjsf,Jason,Mehta,Enterprise Software,Attended,vy0u5ofq3w32j,ServiceNow,US,jason.mehta@servicenow.com,Customer Success Manager,4,Enterprise Software,ServiceNow,US,,Jason,Customer Success Manager,Mehta,United States,,,www.servicenow.com,7331272,0,0
xr2yq373zn5ro,Yasmin,Sharma,Enterprise Software,Attended,vues0mxvl57cn,Microsoft,US,yasmin.sharma@microsoft.com,Engineering Manager,3,Enterprise Software,Microsoft,US,,Yasmin,Engineering Manager,Sharma,United States,,,www.microsoft.com,7308303,0,0
r48twqoybz8gi,Xin,Hidayat,VC & Private Equity,Attended,vcr6d86u8781x,Accel,US,xin.hidayat@accel.com,Principal,4,VC & Private Equity,Accel,US,,Xin,Principal,Hidayat,United States,,,www.accel.com,7967561,0,0
ugz40zvqlqp66,Ibrahim,Morris,Dev Tools & Platforms,Attended,vzvgimruxvt3o,GitHub,US,ibrahim.morris@github.com,Head of Developer Relations,2,Dev Tools & Platforms,GitHub,US,,Ibrahim,Head of Developer Relations,Morris,United States,,,www.github.com,7552033,0,0
flkyn0bu8hrav,Michael,Hall,Staff,No show,v85886d6iwkvy,TechForward Organising Committee,SG,michael.hall@techforwardsummit.com,Registration & Badging Lead,0,Staff,TechForward Organising Committee,SG,,Michael,Registration & Badging Lead,Hall,Singapore,,,www.techforwardsummit.com,7545665,0,0
faxr57ev1kgvx,Chloe,Martin,Enterprise Software,Attended,vlobiclw2wz8e,Microsoft,US,chloe.martin@microsoft.com,Senior Product Manager,2,Enterprise Software,Microsoft,US,,Chloe,Senior Product Manager,Martin,United States,,,www.microsoft.com,7520873,0,0
l5rkh87cyamnj,Rahul,Bhatt,Cloud & Infrastructure,Attended,v8pl3m871nget,MongoDB,US,rahul.bhatt@mongodb.com,Staff Infrastructure Engineer,3,Cloud & Infrastructure,MongoDB,US,,Rahul,Staff Infrastructure Engineer,Bhatt,United States,,,www.mongodb.com,7057596,0,0
6y87qs7jp1ilr,Liam,Mishra,IT Consulting & SI,Attended,viou3wbvddt8n,Wipro,IN,liam.mishra@wipro.com,Technology Consultant,3,IT Consulting & SI,Wipro,IN,,Liam,Technology Consultant,Mishra,India,,,www.wipro.com,7071270,0,0
vb9zxvth4oqsr,Nancy,Oliveira,AI & Data,No show,vldhh2ks1cbci,Hugging Face,US,nancy.oliveira@huggingface.co,AI/ML Platform Lead,0,AI & Data,Hugging Face,US,,Nancy,AI/ML Platform Lead,Oliveira,United States,,,www.huggingface.co,7883382,0,0
8iy664l90fxv2,Chloe,Goh,VC & Private Equity,No show,vyrelzawr7zj8,Andreessen Horowitz,US,chloe.goh@a16z.com,Investment Director,0,VC & Private Equity,Andreessen Horowitz,US,,Chloe,Investment Director,Goh,United States,,,www.a16z.com,7792535,0,0
ie5apcbflun3y,Pablo,Ho,VIP,No show,vpq5lyyp6s0vd,Microsoft,US,pablo.ho@microsoft.com,Chief Executive Officer,0,VIP,Microsoft,US,,Pablo,Chief Executive Officer,Ho,United States,,VIP,www.microsoft.com,7090043,0,0
0oi8u4f5y7ge7,Jessica,Esposito,Enterprise Software,Attended,vmgrh5rkllfva,ServiceNow,US,jessica.esposito@servicenow.com,VP of Engineering,4,Enterprise Software,ServiceNow,US,,Jessica,VP of Engineering,Esposito,United States,,,www.servicenow.com,7042969,0,0
ymhp9nymsorqe,Raymond,Jones,Media/Press,Attended,vtjdh231wcgv6,MIT Technology Review,US,raymond.jones@technologyreview.com,"Editor, Technology",2,Media/Press,MIT Technology Review,US,,Raymond,"Editor, Technology",Jones,United States,,,www.technologyreview.com,7747176,0,0
9kgw8c4ag1qic,Brian,Khanna,IT Consulting & SI,No show,vxbr8iybatolo,Capgemini,FR,brian.khanna@capgemini.com,Technology Consultant,0,IT Consulting & SI,Capgemini,FR,,Brian,Technology Consultant,Khanna,France,,,www.capgemini.com,8305179,0,0
d1t46mh7g8yfh,Takashi,Lopez,Dev Tools & Platforms,Attended,v3xdvq8pkd2kr,JFrog,US,takashi.lopez@jfrog.com,Senior Developer Advocate,3,Dev Tools & Platforms,JFrog,US,,Takashi,Senior Developer Advocate,Lopez,United States,,,www.jfrog.com,8029914,0,0
plrggbi28shqe,Ahmed,Watanabe,Dev Tools & Platforms,Attended,vngj9u6v6z8kv,GitLab,US,ahmed.watanabe@gitlab.com,Solutions Engineer,2,Dev Tools & Platforms,GitLab,US,,Ahmed,Solutions Engineer,Watanabe,United States,,,www.gitlab.com,8404443,0,0
ar1ar6ufcmvq9,Margaret,Kumar,Enterprise Software,Attended,voat0leupk9ip,SAP,DE,margaret.kumar@sap.com,Staff Software Engineer,3,Enterprise Software,SAP,DE,,Margaret,Staff Software Engineer,Kumar,Germany,,,www.sap.com,8532684,0,0
jfbovb1zj396y,Rebecca,Mishra,Dev Tools & Platforms,Attended,vfi7eq3o6j8lu,Temporal,US,rebecca.mishra@temporal.io,Staff Software Engineer,4,Dev Tools & Platforms,Temporal,US,,Rebecca,Staff Software Engineer,Mishra,United States,,,www.temporal.io,7625246,0,0
q81hrulhh9btd,Hao,Silva,Dev Tools & Platforms,No show,v5pu139ka7jk8,JFrog,US,hao.silva@jfrog.com,Community Manager,0,Dev Tools & Platforms,JFrog,US,,Hao,Community Manager,Silva,United States,,,www.jfrog.com,7381790,0,0
jxm5lze6hvoge,Kevin,Ferreira,AI & Data,Attended,v67snvce8xpu4,Weights & Biases,US,kevin.ferreira@wandb.ai,Data Engineer,2,AI & Data,Weights & Biases,US,,Kevin,Data Engineer,Ferreira,United States,,,www.wandb.ai,7160404,0,0
l244vrbj3hio0,Klaus,Goh,AI & Data,Attended,va89jptt0ix1s,Pinecone,US,klaus.goh@pinecone.io,VP of Data & Analytics,3,AI & Data,Pinecone,US,,Klaus,VP of Data & Analytics,Goh,United States,,,www.pinecone.io,7858491,0,0
n0wczvl3xkkjl,Sanjay,Wang,Hardware & Semiconductors,No show,vivbcnkf54srn,Graphcore,GB,sanjay.wang@graphcore.ai,"Research Scientist, Silicon",0,Hardware & Semiconductors,Graphcore,GB,,Sanjay,"Research Scientist, Silicon",Wang,United Kingdom,,,www.graphcore.ai,8018788,0,0
mafcb3d6idlsw,Elizabeth,King,Enterprise Software,Attended,vzuah35qrr4zg,monday.com,IL,elizabeth.king@monday.com,"Account Executive, Enterprise",3,Enterprise Software,monday.com,IL,,Elizabeth,"Account Executive, Enterprise",King,Israel,,,www.monday.com,8700239,0,0
oyeyqe6836hfe,Dewi,Gray,IT Consulting & SI,Attended,vpydbsiwfviuc,HCL Technologies,IN,dewi.gray@hcltech.com,Data & AI Practice Lead,3,IT Consulting & SI,HCL Technologies,IN,,Dewi,Data & AI Practice Lead,Gray,India,,,www.hcltech.com,7145583,0,0
5blw4o9haxhf7,Khalid,Zhao,Cloud & Infrastructure,Attended,v2byncs5834bk,Datadog,US,khalid.zhao@datadoghq.com,Platform Engineer,3,Cloud & Infrastructure,Datadog,US,,Khalid,Platform Engineer,Zhao,United States,,,www.datadoghq.com,8117970,0,0
fa2m7k4986k33,Shu,Lee,IT Consulting & SI,Attended,vufevstygx886,Thoughtworks,US,shu.lee@thoughtworks.com,"Partner, Technology Practice",2,IT Consulting & SI,Thoughtworks,US,,Shu,"Partner, Technology Practice",Lee,United States,,,www.thoughtworks.com,8184283,0,0
d7scrv3honix7,Juan,Zheng,Dev Tools & Platforms,Attended,vkgcio4ukahyv,GitLab,US,juan.zheng@gitlab.com,Platform Product Manager,1,Dev Tools & Platforms,GitLab,US,,Juan,Platform Product Manager,Zheng,United States,,,www.gitlab.com,8565548,0,0
a4ixqwouyaadu,Hye-Jin,Song,Hardware & Semiconductors,Attended,v908nm8h174tj,Arm Holdings,GB,hyejin.song@arm.com,Chief Technology Officer,4,Hardware & Semiconductors,Arm Holdings,GB,,Hye-Jin,Chief Technology Officer,Song,United Kingdom,,,www.arm.com,8937721,0,0
vdq0mjkkegvka,Dennis,Parker,Dev Tools & Platforms,Attended,v65fz2rimc6y1,GitLab,US,dennis.parker@gitlab.com,Staff Software Engineer,2,Dev Tools & Platforms,GitLab,US,,Dennis,Staff Software Engineer,Parker,United States,,,www.gitlab.com,8890110,0,0
nftwr2z0auf2w,Rohit,Tang,Enterprise Software,Attended,v7wr1tqzfb8x6,Microsoft,US,rohit.tang@servicenow.com,Head of Growth,3,Enterprise Software,Microsoft,US,,Rohit,Head of Growth,Tang,United States,,,www.microsoft.com,7166374,0,0
2klyyvunsvqr5,Layla,Simon,Cloud & Infrastructure,Attended,vu83ygmexf9lo,Snowflake,US,layla.simon@snowflake.com,Platform Engineer,4,Cloud & Infrastructure,Snowflake,US,,Layla,Platform Engineer,Simon,United States,,,www.snowflake.com,7594405,0,0
xaad0xh2mecyj,Yusuf,Stewart,Dev Tools & Platforms,No show,vxp7x80nhje1e,MuleSoft,US,yusuf.stewart@mulesoft.com,Platform Product Manager,0,Dev Tools & Platforms,MuleSoft,US,,Yusuf,Platform Product Manager,Stewart,United States,,,www.mulesoft.com,8498864,0,0
il8472qw44xri,Dewi,Wright,Hardware & Semiconductors,Attended,vigup30l1r99m,Arm Holdings,GB,dewi.wright@arm.com,Senior Chip Design Engineer,2,Hardware & Semiconductors,Arm Holdings,GB,,Dewi,Senior Chip Design Engineer,Wright,United Kingdom,,,www.arm.com,7307867,0,0
bcisjpcjducef,Richard,Cho,Cloud & Infrastructure,Attended,vul6hzmzh75ni,Vercel,US,richard.cho@vercel.com,DevOps Engineer,2,Cloud & Infrastructure,Vercel,US,,Richard,DevOps Engineer,Cho,United States,,,www.vercel.com,7327640,0,0
xq51whal104s2,Camila,Turner,Cybersecurity,Attended,v10u8ulv1j308,Zscaler,US,camila.turner@zscaler.com,Head of Information Security,4,Cybersecurity,Zscaler,US,,Camila,Head of Information Security,Turner,United States,,,www.zscaler.com,7205165,0,0
md3szxdf0nsgt,Ali,Simon,IT Consulting & SI,Attended,v6lkwknys5thu,Accenture,IE,ali.simon@accenture.com,Agile Delivery Lead,2,IT Consulting & SI,Accenture,IE,,Ali,Agile Delivery Lead,Simon,Ireland,,,www.accenture.com,8610235,0,0
kfomjoqjq8hcq,Xiao,Stewart,Enterprise Software,Attended,vutxq7xl886p5,monday.com,IL,xiao.stewart@monday.com,Chief Product Officer,2,Enterprise Software,monday.com,IL,,Xiao,Chief Product Officer,Stewart,Israel,,,www.monday.com,7289573,0,0
74ahjoysj8oyr,Ahmad,Shah,Enterprise Software,Attended,vhkknnaeo0142,Microsoft,US,ahmad.shah@microsoft.com,VP of Engineering,1,Enterprise Software,Microsoft,US,,Ahmad,VP of Engineering,Shah,United States,,,www.microsoft.com,8976487,0,0
2v9msk0nlydji,Hassan,Evans,Cybersecurity,Attended,vxl7vsky6c5tg,Tenable,US,hassan.evans@tenable.com,CISO,3,Cybersecurity,Tenable,US,,Hassan,CISO,Evans,United States,,,www.tenable.com,7066942,0,0
29m0ttd78prwy,Jacob,Zheng,AI & Data,Attended,v8zoi9hdv9nm3,DataRobot,US,jacob.zheng@datarobot.com,Research Scientist,4,AI & Data,DataRobot,US,,Jacob,Research Scientist,Zheng,United States,,,www.datarobot.com,7332404,0,0
n5mrdpmby23hk,Lars,Verma,IT Consulting & SI,No show,v7dbwpvfzet8p,LTIMindtree,IN,lars.verma@ltimindtree.com,Technology Consultant,0,IT Consulting & SI,LTIMindtree,IN,,Lars,Technology Consultant,Verma,India,,,www.ltimindtree.com,8736337,0,0
m8bvzl5uqw6b9,Peter,Sun,IT Consulting & SI,Attended,vw5zqw6l87psc,HCL Technologies,IN,peter.sun@hcltech.com,Technology Consultant,4,IT Consulting & SI,HCL Technologies,IN,,Peter,Technology Consultant,Sun,India,,,www.hcltech.com,8852978,0,0
ldajjo5okhf23,Gregory,Jeong,Enterprise Software,Attended,vpdfy9zwqf78o,Freshworks,IN,gregory.jeong@freshworks.com,Solutions Architect,3,Enterprise Software,Freshworks,IN,,Gregory,Solutions Architect,Jeong,India,,,www.freshworks.com,8437924,0,0
vbla91jy4xmal,Akiko,Pham,Hardware & Semiconductors,Attended,vu6qgcbjjuidc,AMD,US,akiko.pham@amd.com,"Research Scientist, Silicon",2,Hardware & Semiconductors,AMD,US,,Akiko,"Research Scientist, Silicon",Pham,United States,,,www.amd.com,7245617,0,0
l79r9kpu8o9on,Neha,Rossi,Enterprise Software,No show,vsrhdvnff2wcf,HubSpot,US,neha.rossi@hubspot.com,Senior Product Manager,0,Enterprise Software,HubSpot,US,,Neha,Senior Product Manager,Rossi,United States,,,www.hubspot.com,8553845,0,0